url,title,meta_description,h1,canonical,social,robots,structured_data,status,notes
/about-us/,PASS,PASS,PASS,REVIEW,PENDING,STAGING_NOINDEX_OK,PENDING,PASS,About Us
/baraawafall/,PASS,PASS,PASS,REVIEW,PENDING,STAGING_NOINDEX_OK,PENDING,PASS,Bara Awa Fall
/blog/,PASS,PASS,PASS,REVIEW,PENDING,STAGING_NOINDEX_OK,PENDING,PASS,Blog
/contact-us/,PASS,PASS,PASS,REVIEW,PENDING,STAGING_NOINDEX_OK,PENDING,PASS,Contact Us
/fr/author/onixdc/,PASS,PASS,PASS,REVIEW,PENDING,STAGING_NOINDEX_OK,PENDING,PASS,onixdc – Onix Data Centre
/fr/author/samuel/,PASS,PASS,PASS,REVIEW,PENDING,STAGING_NOINDEX_OK,PENDING,PASS,Samuel – Onix Data Centre
/fr/author/yinka/,PASS,PASS,PASS,REVIEW,PENDING,STAGING_NOINDEX_OK,PENDING,PASS,Yinka Oyelade – Onix Data Centre
/fr/home-francais/,PASS,PASS,PASS,PASS,PENDING,STAGING_NOINDEX_OK,PENDING,PASS,Home – Français – Onix Data Centre
/home/,PASS,PASS,PASS,PASS,PENDING,STAGING_NOINDEX_OK,PENDING,PASS,Onix Data Centre
/home/cfo-roi/,PASS,PASS,PASS,REVIEW,PENDING,STAGING_NOINDEX_OK,PENDING,PASS,CFO ROI
/home/cfo/,PASS,PASS,MISSING,PASS,PENDING,STAGING_NOINDEX_OK,PENDING,PASS,CFO
/home/eric-tenkorang/,PASS,PASS,PASS,REVIEW,PENDING,STAGING_NOINDEX_OK,PENDING,PASS,Eric Tenkorang
/home/feedback/,PASS,PASS,MISSING,PASS,PENDING,STAGING_NOINDEX_OK,PENDING,PASS,Feedback
/home/finance/,PASS,PASS,MISSING,PASS,PENDING,STAGING_NOINDEX_OK,PENDING,PASS,Finance
/home/infrastructure/,PASS,PASS,MISSING,PASS,PENDING,STAGING_NOINDEX_OK,PENDING,PASS,Infrastructure
/home/our-solutions/,PASS,PASS,MISSING,PASS,PENDING,STAGING_NOINDEX_OK,PENDING,PASS,Our Solutions
/home/sustainability/,PASS,PASS,MISSING,PASS,PENDING,STAGING_NOINDEX_OK,PENDING,PASS,Sustainability
/home/virtual-machine/,PASS,PASS,MISSING,PASS,PENDING,STAGING_NOINDEX_OK,PENDING,PASS,Virtual Machines
/infrastructure-innovation/,PASS,PASS,MISSING,PASS,PENDING,STAGING_NOINDEX_OK,PENDING,PASS,Infrastructure Innovation
/linxaccra/,PASS,PASS,MISSING,PASS,PENDING,STAGING_NOINDEX_OK,PENDING,PASS,Linx Accra
/news/,PASS,PASS,PASS,REVIEW,PENDING,STAGING_NOINDEX_OK,PENDING,PASS,News
/o-home/bretttucker/,PASS,PASS,PASS,REVIEW,PENDING,STAGING_NOINDEX_OK,PENDING,PASS,Brett Tucker
/o-home/certification/,PASS,PASS,MISSING,PASS,PENDING,STAGING_NOINDEX_OK,PENDING,PASS,Certification
/o-home/edemscott/,PASS,PASS,PASS,REVIEW,PENDING,STAGING_NOINDEX_OK,PENDING,PASS,Edem Scott
/o-home/kevinopata/,PASS,PASS,PASS,REVIEW,PENDING,STAGING_NOINDEX_OK,PENDING,PASS,Kevin Opata
/o-home/leonardmckinlay/,PASS,PASS,PASS,REVIEW,PENDING,STAGING_NOINDEX_OK,PENDING,PASS,Leornard McKinlay
/o-home/mamadoukebe/,PASS,PASS,PASS,REVIEW,PENDING,STAGING_NOINDEX_OK,PENDING,PASS,Mamadou KEBE
/o-home/michaelthompson/,PASS,PASS,PASS,REVIEW,PENDING,STAGING_NOINDEX_OK,PENDING,PASS,Michael Thompson
/o-home/paulrichards/,PASS,PASS,PASS,REVIEW,PENDING,STAGING_NOINDEX_OK,PENDING,PASS,Paul Richards
/o-home/privacy-policy/,PASS,PASS,MISSING,PASS,PENDING,STAGING_NOINDEX_OK,PENDING,PASS,Privacy Policy
/o-home/razak-awudulai/,PASS,PASS,PASS,REVIEW,PENDING,STAGING_NOINDEX_OK,PENDING,PASS,Razak
/o-home/razak-awudulai1/,PASS,PASS,PASS,REVIEW,PENDING,STAGING_NOINDEX_OK,PENDING,PASS,Razak Awudulai
/o-home/samuel-osew-kwatia/,PASS,PASS,PASS,REVIEW,PENDING,STAGING_NOINDEX_OK,PENDING,PASS,Samuel Osew-Kwatia
/o-home/samuelpolley/,PASS,PASS,PASS,REVIEW,PENDING,STAGING_NOINDEX_OK,PENDING,PASS,Samuel Polley
/o-home/senegal/,PASS,PASS,MISSING,PASS,PENDING,STAGING_NOINDEX_OK,PENDING,PASS,Senegal &#x1f1f8;&#x1f1f3;
/o-home/serwaakankam/,PASS,PASS,PASS,REVIEW,PENDING,STAGING_NOINDEX_OK,PENDING,PASS,Serwaa Kankam
/o-home/stephenappiah/,PASS,PASS,PASS,REVIEW,PENDING,STAGING_NOINDEX_OK,PENDING,PASS,Stephen Appiah Fordjour
/partners/,PASS,PASS,MISSING,PASS,PENDING,STAGING_NOINDEX_OK,PENDING,PASS,Partners
/services/,PASS,PASS,MISSING,PASS,PENDING,STAGING_NOINDEX_OK,PENDING,PASS,Services