url,status,redirect,title,h1,canonical,robots,images,internal_links,notes
/,200,,Onix Data Centre,Onix Data Centre,https://onixdatacentres.com/home/,"noindex, nofollow, nocache",2,21,
/2020/11/21/why-africa-corporations-should-host-their-data-in-carrier-neutral-data-centres-not-in-house/,200,,"Why Africa Corporations Should Host Their Data in Carrier Neutral Data Centres, Not In House – Onix Data Centre – Onix Data Centre","Why Africa Corporations Should Host Their Data in Carrier Neutral Data Centres, Not In House",https://onixdatacentres.com/2020/11/21/why-africa-corporations-should-host-their-data-in-carrier-neutral-data-centres-not-in-house/,"noindex, nofollow, nocache",2,13,
/2020/12/21/broadband-the-most-effective-catalyst-for-development-in-emerging-markets/,200,,Broadband – The Most Effective Catalyst for Development in Emerging Markets – Onix Data Centre – Onix Data Centre,Broadband - The Most Effective Catalyst for Development in Emerging Markets,https://onixdatacentres.com/2020/12/21/broadband-the-most-effective-catalyst-for-development-in-emerging-markets/,"noindex, nofollow, nocache",1,13,
/2020/12/21/challenges-in-data-centre-deployment-in-africa/,200,,Challenges in Data Centre Deployment in Africa – Onix Data Centre – Onix Data Centre,Challenges in Data Centre Deployment in Africa,https://onixdatacentres.com/2020/12/21/challenges-in-data-centre-deployment-in-africa/,"noindex, nofollow, nocache",2,13,
/2020/12/21/connecting-the-unconnected-in-africa/,200,,Connecting the Unconnected (In Africa) – Onix Data Centre – Onix Data Centre,Connecting the Unconnected (In Africa),https://onixdatacentres.com/2020/12/21/connecting-the-unconnected-in-africa/,"noindex, nofollow, nocache",1,13,
/2020/12/21/how-governments-can-help-grow-the-digital-economy-in-africa/,200,,How Governments can Help Grow the Digital Economy in Africa – Onix Data Centre – Onix Data Centre,How Governments can Help Grow the Digital Economy in Africa,https://onixdatacentres.com/2020/12/21/how-governments-can-help-grow-the-digital-economy-in-africa/,"noindex, nofollow, nocache",1,13,
/2020/12/21/why-carrier-neutral-colocation-data-centres-will-predominate-in-africa/,200,,Why Carrier Neutral Colocation Data Centres will Predominate in Africa – Onix Data Centre – Onix Data Centre,Why Carrier Neutral Colocation Data Centres will Predominate in Africa,https://onixdatacentres.com/2020/12/21/why-carrier-neutral-colocation-data-centres-will-predominate-in-africa/,"noindex, nofollow, nocache",1,13,
/2021/01/22/africa-drivers-of-growth-2021/,200,,Africa – Drivers of growth – 2021 – Onix Data Centre – Onix Data Centre,Africa - Drivers of growth - 2021,https://onixdatacentres.com/2021/01/22/africa-drivers-of-growth-2021/,"noindex, nofollow, nocache",1,13,
/2021/03/04/african-infrastructure-investment-managers-acquires-majority-stake-in-ghana-based-data-centre-2/,200,,African Infrastructure Investment Managers Acquires Majority Stake in Ghana-based Data Centre – Onix Data Centre – Onix Data Centre,African Infrastructure Investment Managers Acquires Majority Stake in Ghana-based Data Centre,https://onixdatacentres.com/2021/03/04/african-infrastructure-investment-managers-acquires-majority-stake-in-ghana-based-data-centre-2/,"noindex, nofollow, nocache",2,13,
/2021/04/06/why-african-data-centres-need-to-use-renewable-energy/,200,,Why African Data Centres Need To Use Renewable Energy – Onix Data Centre – Onix Data Centre,Why African Data Centres Need To Use Renewable Energy,https://onixdatacentres.com/2021/04/06/why-african-data-centres-need-to-use-renewable-energy/,"noindex, nofollow, nocache",1,13,
/2021/06/07/africas-digital-economy-the-post-mobile-wave/,200,,Africa’s Digital Economy – The Post Mobile Wave – Onix Data Centre – Onix Data Centre,Africa’s Digital Economy – The Post Mobile Wave,https://onixdatacentres.com/2021/06/07/africas-digital-economy-the-post-mobile-wave/,"noindex, nofollow, nocache",1,13,
/2021/09/21/onix-dc-accra-the-only-climate-friendly-data-centre-in-west-africa/,200,,ONIX DC ACCRA –   The Only Climate Friendly Data Centre in West Africa – Onix Data Centre – Onix Data Centre,ONIX DC ACCRA -   The Only Climate Friendly Data Centre in West Africa,https://onixdatacentres.com/2021/09/21/onix-dc-accra-the-only-climate-friendly-data-centre-in-west-africa/,"noindex, nofollow, nocache",2,13,
/2022/11/17/onix-data-centre-announces-azure-stack-partnership-following-africa-tech-festival/,200,,Onix Data Centre Announces Azure Stack Partnership following Africa Tech Festival – Onix Data Centre – Onix Data Centre,Onix Data Centre Announces Azure Stack Partnership following Africa Tech Festival,https://onixdatacentres.com/2022/11/17/onix-data-centre-announces-azure-stack-partnership-following-africa-tech-festival/,"noindex, nofollow, nocache",4,13,
/2022/11/29/afr-ix-onix-internet-data-partnership/,200,,"AFR-IX telecom, global Internet Service Provider establishes strategic regional Point of Presence (POP) at ONIX Data Center – Onix Data Centre – Onix Data Centre","AFR-IX telecom, global Internet Service Provider establishes strategic regional Point of Presence (POP) at ONIX Data Center",https://onixdatacentres.com/2022/11/29/afr-ix-onix-internet-data-partnership/,"noindex, nofollow, nocache",1,13,
/2022/12/20/onix-data-centre-accra-achieves-iso-27001-and-iso-9001-certification/,200,,"Onix Data Centre, Accra Achieves ISO 27001 and ISO 9001 Certification – Onix Data Centre – Onix Data Centre","Onix Data Centre, Accra Achieves ISO 27001 and ISO 9001 Certification",https://onixdatacentres.com/2022/12/20/onix-data-centre-accra-achieves-iso-27001-and-iso-9001-certification/,"noindex, nofollow, nocache",1,13,
/2023/02/17/onix-launch-dakar/,200,,Onix Data Centres Launches New Neutral Colocation Data Centre in Senegal – Onix Data Centre – Onix Data Centre,&lt;strong&gt;Onix Data Centres Launches New Neutral Colocation Data Centre in Senegal&lt;/strong&gt;,https://onixdatacentres.com/2023/02/17/onix-launch-dakar/,"noindex, nofollow, nocache",1,13,
/2023/02/24/onix-ceo-mike-nahons-speech-senegal/,200,,"Onix CEO, Mike Nahon’s Speech at Data Centre Launch in Senegal – Onix Data Centre – Onix Data Centre","Onix CEO, Mike Nahon&#x27;s Speech at Data Centre Launch in Senegal",https://onixdatacentres.com/2023/02/24/onix-ceo-mike-nahons-speech-senegal/,"noindex, nofollow, nocache",1,13,
/2023/03/08/colocation-data-centres/,200,,"Colocation Data Centres: Maximising Security, Connectivity, Capital – Onix Data Centre – Onix Data Centre","Colocation Data Centres: Maximising Security, Connectivity, Capital",https://onixdatacentres.com/2023/03/08/colocation-data-centres/,"noindex, nofollow, nocache",0,13,
/2023/03/23/senegal-the-next-singapore/,200,,"Senegal, the Next Singapore: Why Now is the Time to Invest  – Onix Data Centre – Onix Data Centre","Senegal, the Next Singapore: Why Now is the Time to Invest",https://onixdatacentres.com/2023/03/23/senegal-the-next-singapore/,"noindex, nofollow, nocache",1,13,
/2023/04/19/cold-aisle-containment-data-centre-cooling/,200,,Cold Aisle Containment: The Key to Efficient Data Centre Cooling in Tropical Climates – Onix Data Centre – Onix Data Centre,Cold Aisle Containment: The Key to Efficient Data Centre Cooling in Tropical Climates,https://onixdatacentres.com/2023/04/19/cold-aisle-containment-data-centre-cooling/,"noindex, nofollow, nocache",1,13,
/2023/05/09/protecting-your-data-the-importance-of-data-security-for-businesses-and-institutions/,200,,Protecting Your Data: The Importance of Data Security for Businesses and Institutions – Onix Data Centre – Onix Data Centre,Protecting Your Data: The Importance of Data Security for Businesses and Institutions,https://onixdatacentres.com/2023/05/09/protecting-your-data-the-importance-of-data-security-for-businesses-and-institutions/,"noindex, nofollow, nocache",1,14,
/2023/05/11/tier-3-facility-in-dakar-2023-completion/,200,,Transforming Connectivity: Onix Data Centre’s Tier 3 Facility in Dakar – Q4 2023 Completion – Onix Data Centre – Onix Data Centre,Transforming Connectivity: Onix Data Centre&#x27;s Tier 3 Facility in Dakar - Q4 2023 Completion,https://onixdatacentres.com/2023/05/11/tier-3-facility-in-dakar-2023-completion/,"noindex, nofollow, nocache",1,13,
/2023/05/24/fire-suppression-data-centres/,200,,Securing Your Data: Advanced Fire Suppression in Data Centres – Onix Data Centre – Onix Data Centre,Securing Your Data: Advanced Fire Suppression in Data Centres,https://onixdatacentres.com/2023/05/24/fire-suppression-data-centres/,"noindex, nofollow, nocache",1,13,
/2023/06/20/uptime-power-backup-onix-data-centre/,200,,"Ensuring 99.995% Uptime: Power Backup Systems at Onix Data Centre in Accra, Ghana  – Onix Data Centre – Onix Data Centre","Ensuring 99.995% Uptime: Power Backup Systems at Onix Data Centre in Accra, Ghana",https://onixdatacentres.com/2023/06/20/uptime-power-backup-onix-data-centre/,"noindex, nofollow, nocache",1,14,
/2023/08/02/solar-data-sustainable-solution/,200,,Solar-Powered Data Storage: Onix’s Sustainable Solution – Onix Data Centre – Onix Data Centre,Solar-Powered Data Storage: Onix&#x27;s Sustainable Solution,https://onixdatacentres.com/2023/08/02/solar-data-sustainable-solution/,"noindex, nofollow, nocache",1,14,
/2023/08/16/the-role-of-data-centres-in-smart-cities-the-future-of-urban-living-in-africa/,200,,The Role of Data Centres in Smart Cities: The Future of Urban Living in Africa – Onix Data Centre – Onix Data Centre,The Role of Data Centres in Smart Cities: The Future of Urban Living in Africa,https://onixdatacentres.com/2023/08/16/the-role-of-data-centres-in-smart-cities-the-future-of-urban-living-in-africa/,"noindex, nofollow, nocache",1,14,
/2023/09/12/strategic-network-peering-a-beginners-guide/,200,,Strategic Network Peering: A Beginners Guide – Onix Data Centre – Onix Data Centre,Strategic Network Peering: A Beginners Guide,https://onixdatacentres.com/2023/09/12/strategic-network-peering-a-beginners-guide/,"noindex, nofollow, nocache",1,15,
/2023/09/26/resilience-data-centres-natural-disasters/,200,,Resilience in Data Centres: Preparing for Natural Disasters – Onix Data Centre – Onix Data Centre,Resilience in Data Centres: Preparing for Natural Disasters,https://onixdatacentres.com/2023/09/26/resilience-data-centres-natural-disasters/,"noindex, nofollow, nocache",1,14,
/2023/10/03/healthcare-colocation-data-centre/,200,,Revolutionising Healthcare Through Colocation Data Centre Solutions – Onix Data Centre – Onix Data Centre,Revolutionising Healthcare Through Colocation Data Centre Solutions,https://onixdatacentres.com/2023/10/03/healthcare-colocation-data-centre/,"noindex, nofollow, nocache",1,15,
/2023/10/31/elevating-government-data-management-colocation-services/,200,,Elevating Government Data Management Through Onix Data Centre’s Colocation Services – Onix Data Centre – Onix Data Centre,Elevating Government Data Management Through Onix Data Centre&#x27;s Colocation Services,https://onixdatacentres.com/2023/10/31/elevating-government-data-management-colocation-services/,"noindex, nofollow, nocache",1,14,
/2023/11/09/support-for-south-tongu-flood-relief/,200,,Community Solidarity: Onix Data Centre’s Support for South Tongu Flood Relief – Onix Data Centre – Onix Data Centre,Community Solidarity: Onix Data Centre&#x27;s Support for South Tongu Flood Relief,https://onixdatacentres.com/2023/11/09/support-for-south-tongu-flood-relief/,"noindex, nofollow, nocache",1,14,
/2023/11/21/bluespace-financial-cloud-onix-data-centre/,200,,BlueSPACE Financial Cloud and Onix Data Centre Join Forces to Redefine Financial Technology Landscape. – Onix Data Centre – Onix Data Centre,BlueSPACE Financial Cloud and Onix Data Centre Join Forces to Redefine Financial Technology Landscape.,https://onixdatacentres.com/2023/11/21/bluespace-financial-cloud-onix-data-centre/,"noindex, nofollow, nocache",1,13,
/2023/12/12/africas-data-centre-revolution/,200,,Onix Data Centre: Aligning with Africa’s Data Centre and Cloud Services Revolution – Onix Data Centre – Onix Data Centre,Onix Data Centre: Aligning with Africa&#x27;s Data Centre and Cloud Services Revolution,https://onixdatacentres.com/2023/12/12/africas-data-centre-revolution/,"noindex, nofollow, nocache",1,15,
/2024/01/16/navigating-2024-data-centre-trends/,200,,Navigating the Future: Reflecting on Vertiv’s 2024 Data Centre Trends and Their Implications for Onix Data Centre – Onix Data Centre – Onix Data Centre,Navigating the Future: Reflecting on Vertiv&#x27;s 2024 Data Centre Trends and Their Implications for Onix Data Centre,https://onixdatacentres.com/2024/01/16/navigating-2024-data-centre-trends/,"noindex, nofollow, nocache",1,16,
/2024/01/23/onix-growth-innovation-leadership-transition/,200,,Onix Data Centres Embarks on a New Chapter of Growth and Innovation with Leadership Transition  – Onix Data Centre – Onix Data Centre,Onix Data Centres Embarks on a New Chapter of Growth and Innovation with Leadership Transition,https://onixdatacentres.com/2024/01/23/onix-growth-innovation-leadership-transition/,"noindex, nofollow, nocache",1,15,
/2024/02/20/solar-power-data-centres-sustainable/,200,,Can Solar Power Revolutionise Data Centres for a Sustainable Future? – Onix Data Centre – Onix Data Centre,Can Solar Power Revolutionise Data Centres for a Sustainable Future?,https://onixdatacentres.com/2024/02/20/solar-power-data-centres-sustainable/,"noindex, nofollow, nocache",1,13,
/2024/03/07/edge-computing-in-ghana/,200,,The Role of Edge Computing in Ghana’s Digital Transformation in Ghana – Onix Data Centre – Onix Data Centre,The Role of Edge Computing in Ghana&#x27;s Digital Transformation in Ghana,https://onixdatacentres.com/2024/03/07/edge-computing-in-ghana/,"noindex, nofollow, nocache",1,14,
/2024/03/18/digital-resilience-in-west-africa/,200,,Ensuring Digital Resilience in West Africa: Onix Data Centres’ Strategic Edge Amidst Internet Outages – Onix Data Centre – Onix Data Centre,Ensuring Digital Resilience in West Africa: Onix Data Centres&#x27; Strategic Edge Amidst Internet Outages,https://onixdatacentres.com/2024/03/18/digital-resilience-in-west-africa/,"noindex, nofollow, nocache",1,14,
/2024/03/26/onix-introduces-cloud-computing-ghana/,200,,Onix Data Centres Introduces Revolutionary Cloud/Virtual Computing Service in Ghana  – Onix Data Centre – Onix Data Centre,Onix Data Centres Introduces Revolutionary Cloud/Virtual Computing Service in Ghana,https://onixdatacentres.com/2024/03/26/onix-introduces-cloud-computing-ghana/,"noindex, nofollow, nocache",1,15,
/2024/04/03/onix-data-centres-partnership-glico-insurance/,200,,Onix Data Centres Announces Strategic Partnership with GLICO General Insurance Ltd. – Onix Data Centre – Onix Data Centre,Onix Data Centres Announces Strategic Partnership with GLICO General Insurance Ltd.,https://onixdatacentres.com/2024/04/03/onix-data-centres-partnership-glico-insurance/,"noindex, nofollow, nocache",1,15,
/2024/04/24/different-industries-utilise-data-centres/,200,,How Do Different Industries Utilise Data Centres? – Onix Data Centre – Onix Data Centre,How Do Different Industries Utilise Data Centres?,https://onixdatacentres.com/2024/04/24/different-industries-utilise-data-centres/,"noindex, nofollow, nocache",1,14,
/2024/05/07/data-centre-innovations-africa-adca-report/,200,,Pioneering Data Centre Innovations in Africa – Insights from the 2024 ADCA Report – Onix Data Centre – Onix Data Centre,Pioneering Data Centre Innovations in Africa – Insights from the 2024 ADCA Report,https://onixdatacentres.com/2024/05/07/data-centre-innovations-africa-adca-report/,"noindex, nofollow, nocache",1,16,
/2024/05/15/transparency-customer-awareness-data-hosting/,200,,Urgent Call for Transparency: The Critical Need for Customer Awareness in Data Hosting  – Onix Data Centre – Onix Data Centre,Urgent Call for Transparency: The Critical Need for Customer Awareness in Data Hosting,https://onixdatacentres.com/2024/05/15/transparency-customer-awareness-data-hosting/,"noindex, nofollow, nocache",1,14,
/2024/05/28/global-connectivity/,200,,The Significance of Global Connectivity – Onix Data Centre – Onix Data Centre,The Significance of Global Connectivity,https://onixdatacentres.com/2024/05/28/global-connectivity/,"noindex, nofollow, nocache",1,15,
/2024/06/11/data-centre-collaboration/,200,,Unlocking the Future: Data Centre Collaboration – Onix Data Centre – Onix Data Centre,Unlocking the Future: Data Centre Collaboration,https://onixdatacentres.com/2024/06/11/data-centre-collaboration/,"noindex, nofollow, nocache",1,16,
/2024/06/20/strengthening-bonds-our-partnership-with-sekoe-chocolate-suppliers/,200,,Strengthening Bonds: Our Partnership with Sekoe Chocolate Suppliers – Onix Data Centre – Onix Data Centre,Strengthening Bonds: Our Partnership with Sekoe Chocolate Suppliers,https://onixdatacentres.com/2024/06/20/strengthening-bonds-our-partnership-with-sekoe-chocolate-suppliers/,"noindex, nofollow, nocache",1,17,
/2024/07/09/harnessing-ai-renewable-energy/,200,,Harnessing AI and Renewable Energy: The Future of Data Centres in Africa – Onix Data Centre – Onix Data Centre,Harnessing AI and Renewable Energy: The Future of Data Centres in Africa,https://onixdatacentres.com/2024/07/09/harnessing-ai-renewable-energy/,"noindex, nofollow, nocache",1,13,
/2024/07/23/enhancing-resilience-security-it-outages/,200,,Enhancing Resilience and Security with Onix Data Centres Amidst Global IT Outages – Onix Data Centre – Onix Data Centre,Enhancing Resilience and Security with Onix Data Centres Amidst Global IT Outages,https://onixdatacentres.com/2024/07/23/enhancing-resilience-security-it-outages/,"noindex, nofollow, nocache",1,13,
/2024/10/15/data-centres-healthcare-africa/,200,,The Role of Data Centres in Transforming Healthcare in West Africa – Onix Data Centre – Onix Data Centre,The Role of Data Centres in Transforming Healthcare in West Africa,https://onixdatacentres.com/2024/10/15/data-centres-healthcare-africa/,"noindex, nofollow, nocache",1,13,
/2024/10/29/empowering-digital-transformation-africa-data-centres/,200,,Empowering Digital Transformation in Africa: The Strategic Importance of Data Centres – Onix Data Centre – Onix Data Centre,Empowering Digital Transformation in Africa: The Strategic Importance of Data Centres,https://onixdatacentres.com/2024/10/29/empowering-digital-transformation-africa-data-centres/,"noindex, nofollow, nocache",1,14,
/2024/11/13/onix-data-centres-linx-ghana/,200,,Onix Data Centres Partners with LINX to Enhance Digital Connectivity in Ghana – Onix Data Centre – Onix Data Centre,Onix Data Centres Partners with LINX to Enhance Digital Connectivity in Ghana,https://onixdatacentres.com/2024/11/13/onix-data-centres-linx-ghana/,"noindex, nofollow, nocache",1,14,
/2024/11/19/why-onix-location-genius/,200,,Why Onix’s Outskirts Location is Genius? – Onix Data Centre – Onix Data Centre,Why Onix’s Outskirts Location is Genius?,https://onixdatacentres.com/2024/11/19/why-onix-location-genius/,"noindex, nofollow, nocache",1,14,
/2024/12/03/advantages-tier-iv-data-centre/,200,,What Are the Advantages of a Tier IV Data Centre Compared to Other Tiers? – Onix Data Centre – Onix Data Centre,What Are the Advantages of a Tier IV Data Centre Compared to Other Tiers?,https://onixdatacentres.com/2024/12/03/advantages-tier-iv-data-centre/,"noindex, nofollow, nocache",2,13,
/2024/12/17/santas-secret-data-centres/,200,,Santa’s Secret Helpers: How Data Centres Keep the Holidays Merry and Bright – Onix Data Centre – Onix Data Centre,Santa’s Secret Helpers: How Data Centres Keep the Holidays Merry and Bright,https://onixdatacentres.com/2024/12/17/santas-secret-data-centres/,"noindex, nofollow, nocache",1,13,
/2025/01/08/5-it-resolutions/,200,,5 IT Resolutions You’ll Actually Keep This Year – Onix Data Centre – Onix Data Centre,5 IT Resolutions You’ll Actually Keep This Year,https://onixdatacentres.com/2025/01/08/5-it-resolutions/,"noindex, nofollow, nocache",1,13,
/2025/01/23/revolutionising-innovation-africa-local-hosting/,200,,Revolutionising Innovation in Africa: The Local Hosting Advantage – Onix Data Centre – Onix Data Centre,Revolutionising Innovation in Africa: The Local Hosting Advantage,https://onixdatacentres.com/2025/01/23/revolutionising-innovation-africa-local-hosting/,"noindex, nofollow, nocache",1,13,
/2025/02/04/the-true-cost-of-downtime/,200,,The True Cost of Downtime: Why African Businesses Can’t Afford Unreliable Hosting – Onix Data Centre – Onix Data Centre,The True Cost of Downtime: Why African Businesses Can’t Afford Unreliable Hosting,https://onixdatacentres.com/2025/02/04/the-true-cost-of-downtime/,"noindex, nofollow, nocache",1,14,
/2025/02/18/the-power-of-data-synchronisation-building-ghanas-digital-future/,200,,The Power of Data Synchronisation: Building Ghana’s Digital Future – Onix Data Centre – Onix Data Centre,The Power of Data Synchronisation: Building Ghana’s Digital Future,https://onixdatacentres.com/2025/02/18/the-power-of-data-synchronisation-building-ghanas-digital-future/,"noindex, nofollow, nocache",1,13,
/2025/03/11/africas-tech-industry-challenges/,200,,Africa’s Tech Industry Is at a Crossroads: Can It Overcome Its Biggest Challenges? – Onix Data Centre – Onix Data Centre,Africa’s Tech Industry Is at a Crossroads: Can It Overcome Its Biggest Challenges?,https://onixdatacentres.com/2025/03/11/africas-tech-industry-challenges/,"noindex, nofollow, nocache",1,14,
/2025/03/25/africa-digital-infrastructure/,200,,Africa’s AI &amp; Enterprise Revolution Will Be Built on Infrastructure That Doesn’t Fail – Onix Data Centre – Onix Data Centre,Africa’s AI &amp;amp; Enterprise Revolution Will Be Built on Infrastructure That Doesn’t Fail,https://onixdatacentres.com/2025/03/25/africa-digital-infrastructure/,"noindex, nofollow, nocache",1,13,
/2025/04/08/powering-smart-cities-africa-infrastructure/,200,,Powering Smart Cities from the Ground Up: The Role of Local Data Centres – Onix Data Centre – Onix Data Centre,Powering Smart Cities from the Ground Up: The Role of Local Data Centres,https://onixdatacentres.com/2025/04/08/powering-smart-cities-africa-infrastructure/,"noindex, nofollow, nocache",1,13,
/2025/04/24/blueprint-digital-africa-gitex-africa/,200,,Not Just a Panel: A Blueprint for Digital Africa at GITEX AFRICA 2025 – Onix Data Centre – Onix Data Centre,Not Just a Panel: A Blueprint for Digital Africa at GITEX AFRICA 2025,https://onixdatacentres.com/2025/04/24/blueprint-digital-africa-gitex-africa/,"noindex, nofollow, nocache",1,13,
/2025/05/06/linx-accra-onix/,200,,LINX Accra at Onix: Building Ghana’s Internet Exchange Point at a Tier IV Data Centre – Onix Data Centre – Onix Data Centre,LINX Accra at Onix: Building Ghana’s Internet Exchange Point at a Tier IV Data Centre,https://onixdatacentres.com/2025/05/06/linx-accra-onix/,"noindex, nofollow, nocache",1,14,
/2025/05/28/carrier-neutral-data-centres/,200,,Carrier-Neutral Data Centres: The Digital Freedom Africa Can’t Afford to Ignore – Onix Data Centre – Onix Data Centre,Carrier-Neutral Data Centres: The Digital Freedom Africa Can’t Afford to Ignore,https://onixdatacentres.com/2025/05/28/carrier-neutral-data-centres/,"noindex, nofollow, nocache",1,14,
/2025/06/10/data-centres-decarbonisation-africa/,200,,Data Centres vs. Decarbonisation: Can Africa Have Both? – Onix Data Centre – Onix Data Centre,Data Centres vs. Decarbonisation: Can Africa Have Both?,https://onixdatacentres.com/2025/06/10/data-centres-decarbonisation-africa/,"noindex, nofollow, nocache",1,14,
/2025/07/02/reflections-pan-african-data-centre-conference/,200,,Reflections from Sandton: Insights from the Pan African Data Centre Conference – Onix Data Centre – Onix Data Centre,Reflections from Sandton: Insights from the Pan African Data Centre Conference,https://onixdatacentres.com/2025/07/02/reflections-pan-african-data-centre-conference/,"noindex, nofollow, nocache",1,14,
/2025/07/07/linx-accra-launches-ghana/,200,,LINX Accra Launches: A New Era for Local Interconnection in Ghana – Onix Data Centre – Onix Data Centre,LINX Accra Launches: A New Era for Local Interconnection in Ghana,https://onixdatacentres.com/2025/07/07/linx-accra-launches-ghana/,"noindex, nofollow, nocache",1,14,
/2025/07/22/gctu-students-explore-onix-data-centre/,200,,Inside the Engine Room: GCTU Students Explore Onix Data Centre – Onix Data Centre – Onix Data Centre,Inside the Engine Room: GCTU Students Explore Onix Data Centre,https://onixdatacentres.com/2025/07/22/gctu-students-explore-onix-data-centre/,"noindex, nofollow, nocache",1,14,
/2025/08/05/ghana-data-centre-powerhouse/,200,,Why Ghana Is Emerging as Africa’s Next Data Centre Powerhouse – Onix Data Centre – Onix Data Centre,Why Ghana Is Emerging as Africa’s Next Data Centre Powerhouse,https://onixdatacentres.com/2025/08/05/ghana-data-centre-powerhouse/,"noindex, nofollow, nocache",1,15,
/2025/08/28/hidden-latency-ghana/,200,,The Hidden Cost of Latency: Why Every Millisecond Matters in Ghana’s Digital Economy – Onix Data Centre – Onix Data Centre,The Hidden Cost of Latency: Why Every Millisecond Matters in Ghana’s Digital Economy,https://onixdatacentres.com/2025/08/28/hidden-latency-ghana/,"noindex, nofollow, nocache",1,14,
/2025/09/09/digital-africa-summit-ghana-2025/,200,,Digital Africa Summit Ghana 2025: Charting the Future of AI and Infrastructure – Onix Data Centre – Onix Data Centre,Digital Africa Summit Ghana 2025: Charting the Future of AI and Infrastructure,https://onixdatacentres.com/2025/09/09/digital-africa-summit-ghana-2025/,"noindex, nofollow, nocache",1,17,
/2025/09/30/local-infrastructure-future-gaming/,200,,"Game On, Ghana: Why Local Infrastructure Is the Future of E-Gaming – Onix Data Centre – Onix Data Centre","Game On, Ghana: Why Local Infrastructure Is the Future of E-Gaming",https://onixdatacentres.com/2025/09/30/local-infrastructure-future-gaming/,"noindex, nofollow, nocache",1,14,
/2025/10/13/ghana-afts-accra-2025/,200,,Ghana Asserts Digital Leadership at AFTS Accra 2025 – Onix Data Centre – Onix Data Centre,Ghana Asserts Digital Leadership at AFTS Accra 2025,https://onixdatacentres.com/2025/10/13/ghana-afts-accra-2025/,"noindex, nofollow, nocache",1,13,
/2025/10/14/linx-accra-live-at-onix/,200,,LINX Accra is Now Live at Onix – Onix Data Centre – Onix Data Centre,LINX Accra is Now Live at Onix,https://onixdatacentres.com/2025/10/14/linx-accra-live-at-onix/,"noindex, nofollow, nocache",1,14,
/2025/10/28/africa-digital-cloud-resilience/,200,,When the cloud sneezes: why Africa needs its own digital resilience – Onix Data Centre – Onix Data Centre,When the cloud sneezes: why Africa needs its own digital resilience,https://onixdatacentres.com/2025/10/28/africa-digital-cloud-resilience/,"noindex, nofollow, nocache",1,13,
/2025/11/13/what-is-peering/,200,,What is Peering? – Onix Data Centre – Onix Data Centre,What is Peering?,https://onixdatacentres.com/2025/11/13/what-is-peering/,"noindex, nofollow, nocache",1,14,
/2025/12/08/returnee-onix-data-centre-business/,200,,Returnee founders came home to celebrate their success. Why are their servers still overseas? – Onix Data Centre – Onix Data Centre,Returnee founders came home to celebrate their success. Why are their servers still overseas?,https://onixdatacentres.com/2025/12/08/returnee-onix-data-centre-business/,"noindex, nofollow, nocache",1,13,
/2026/01/07/2026-the-year-reliability-becomes-strategy/,200,,2026: The Year Reliability Becomes Strategy – Onix Data Centre – Onix Data Centre,2026: The Year Reliability Becomes Strategy,https://onixdatacentres.com/2026/01/07/2026-the-year-reliability-becomes-strategy/,"noindex, nofollow, nocache",1,13,
/2026/01/20/sla-vs-reality-data-centres-uptime/,200,,SLA vs Reality: How Data Centres Actually Deliver Uptime – Onix Data Centre – Onix Data Centre,SLA vs Reality: How Data Centres Actually Deliver Uptime,https://onixdatacentres.com/2026/01/20/sla-vs-reality-data-centres-uptime/,"noindex, nofollow, nocache",1,14,
/2026/02/05/composable-dynamic-infrastructure/,200,,"When Demand Spikes, Your Infrastructure Shouldn’t Panic – Onix Data Centre – Onix Data Centre","When Demand Spikes, Your Infrastructure Shouldn’t Panic",https://onixdatacentres.com/2026/02/05/composable-dynamic-infrastructure/,"noindex, nofollow, nocache",1,13,
/2026/03/09/ghana-independence-69-digital-nation/,200,,Ghana’s Independence: A Digital Nation in the Making – Onix Data Centre – Onix Data Centre,Ghana’s Independence: A Digital Nation in the Making,https://onixdatacentres.com/2026/03/09/ghana-independence-69-digital-nation/,"noindex, nofollow, nocache",1,14,
/2026/03/31/africas-ai-future-infrastructure/,200,,Africa’s AI Future Will Depend on Where the Infrastructure Lives – Onix Data Centre – Onix Data Centre,Africa’s AI Future Will Depend on Where the Infrastructure Lives,https://onixdatacentres.com/2026/03/31/africas-ai-future-infrastructure/,"noindex, nofollow, nocache",1,14,
/2026/04/14/war-conflict-revealing-about-cloud/,200,,What War Is Revealing About the Cloud – Onix Data Centre – Onix Data Centre,What War Is Revealing About the Cloud,https://onixdatacentres.com/2026/04/14/war-conflict-revealing-about-cloud/,"noindex, nofollow, nocache",1,13,
/2026/04/28/infrastructure-decisions-are-becoming-timing-decisions/,200,,Infrastructure Decisions Are Becoming Timing Decisions – Onix Data Centre – Onix Data Centre,Infrastructure Decisions Are Becoming Timing Decisions,https://onixdatacentres.com/2026/04/28/infrastructure-decisions-are-becoming-timing-decisions/,"noindex, nofollow, nocache",1,14,
/2026/05/19/your-server-room-is-not-a-data-centre/,200,,Your Server Room Is Not a Data Centre – Onix Data Centre – Onix Data Centre,Your Server Room Is Not a Data Centre,https://onixdatacentres.com/2026/05/19/your-server-room-is-not-a-data-centre/,"noindex, nofollow, nocache",1,13,
/2026/06/02/health-data-sovereignty-ghana-digital-health-infrastructure/,200,,Where Should Ghana’s Health Data Live? – Onix Data Centre – Onix Data Centre,Where Should Ghana’s Health Data Live?,https://onixdatacentres.com/2026/06/02/health-data-sovereignty-ghana-digital-health-infrastructure/,"noindex, nofollow, nocache",1,13,
/2026/06/15/ai-boom-africa-data-centres/,200,,The AI Boom Needs More Than Bigger Data Centres – Onix Data Centre,The AI Boom Needs More Than Bigger Data Centres,https://onixdatacentres.com/2026/06/15/ai-boom-africa-data-centres/,"noindex, nofollow, nocache",1,13,
/2026/07/07/when-financial-data-comes-home-what-nigerias-new-direction-means-for-ghana/,200,,When Financial Data Comes Home: What Nigeria’s New Direction Means for Ghana – Onix Data Centre,When Financial Data Comes Home: What Nigeria’s New Direction Means for Ghana,https://onixdatacentres.com/2026/07/07/when-financial-data-comes-home-what-nigerias-new-direction-means-for-ghana/,"noindex, nofollow, nocache",1,13,
/2026/07/28/what-happens-inside-a-tier-iv-data-centre-during-a-power-cut/,200,,The Lights Go Out. Does Your Business? – Onix Data Centre,The Lights Go Out. Does Your Business?,https://onixdatacentres.com/2026/07/28/what-happens-inside-a-tier-iv-data-centre-during-a-power-cut/,"noindex, nofollow, nocache",1,13,
/about-us/,200,,About Us – Onix Data Centre,About Us,http://localhost:3000/about-us,"noindex, nofollow, nocache",0,13,
/baraawafall/,200,,Bara Awa Fall – Onix Data Centre,Bara Awa Fall,,"noindex, nofollow, nocache",0,13,
/blog/,200,,News &amp; Insights – Onix Data Centre,News &amp; Insights,,"noindex, nofollow, nocache",0,29,
/contact-us/,200,,Contact Us – Onix Data Centre,Contact Us,,"noindex, nofollow, nocache",0,12,
/fr/,200,,Onix Data Centre – Onix Data Centre,Home - Français,http://localhost:3001/fr/,"noindex, nofollow, nocache",0,12,
/fr/author/onixdc/,200,,News &amp; Insights – Onix Data Centre,News &amp; Insights,,"noindex, nofollow, nocache",0,29,
/fr/author/samuel/,200,,News &amp; Insights – Onix Data Centre,News &amp; Insights,,"noindex, nofollow, nocache",0,29,
/fr/author/yinka/,200,,News &amp; Insights – Onix Data Centre,News &amp; Insights,,"noindex, nofollow, nocache",0,29,
/fr/contactez-nous/,200,,Onix Data Centre – Onix Data Centre,Contactez-nous,http://localhost:3001/fr/contactez-nous,"noindex, nofollow, nocache",0,12,
/fr/home-francais/,200,,Home – Français – Onix Data Centre – Onix Data Centre,Home - Français,https://onixdatacentres.com/fr/home-francais/,"noindex, nofollow, nocache",0,13,
/home/,200,,Onix Data Centre,Onix Data Centre,https://onixdatacentres.com/home/,"noindex, nofollow, nocache",2,21,
/home/cfo-roi/,200,,CFO ROI Calculator – Onix Data Centre,CFO ROI Calculator,http://localhost:3001/home/cfo-roi/,"noindex, nofollow, nocache",0,12,
/home/cfo/,200,,CFO – Onix Data Centre – Onix Data Centre,,https://onixdatacentres.com/home/cfo/,"noindex, nofollow, nocache",0,14,
/home/eric-tenkorang/,200,,Eric Tenkorang – Onix Data Centre,Eric Tenkorang,,"noindex, nofollow, nocache",0,13,
/home/feedback/,200,,Feedback – Onix Data Centre – Onix Data Centre,,https://onixdatacentres.com/home/feedback/,"noindex, nofollow, nocache",0,12,
/home/finance/,200,,Finance – Onix Data Centre – Onix Data Centre,,https://onixdatacentres.com/home/finance/,"noindex, nofollow, nocache",1,14,
/home/infrastructure/,200,,Infrastructure – Onix Data Centre – Onix Data Centre,,https://onixdatacentres.com/home/infrastructure/,"noindex, nofollow, nocache",7,13,
/home/our-solutions/,200,,Our Solutions – Onix Data Centre – Onix Data Centre,,https://onixdatacentres.com/home/our-solutions/,"noindex, nofollow, nocache",0,14,
/home/sustainability/,200,,Sustainability – Onix Data Centre – Onix Data Centre,,https://onixdatacentres.com/home/sustainability/,"noindex, nofollow, nocache",6,13,
/home/virtual-machine/,200,,Virtual Machines – Onix Data Centre – Onix Data Centre,,https://onixdatacentres.com/home/virtual-machine/,"noindex, nofollow, nocache",4,14,
/infrastructure-innovation/,200,,Infrastructure Innovation – Onix Data Centre,,https://onixdatacentres.com/infrastructure-innovation/,"noindex, nofollow, nocache",0,13,
/linxaccra/,200,,Linx Accra – Onix Data Centre – Onix Data Centre,,https://onixdatacentres.com/linxaccra/,"noindex, nofollow, nocache",6,14,
/news/,200,,News &amp; Insights – Onix Data Centre,News &amp; Insights,,"noindex, nofollow, nocache",0,29,
/o-home/bretttucker/,200,,Brett Tucker – Onix Data Centre,Brett Tucker,,"noindex, nofollow, nocache",0,13,
/o-home/certification/,200,,Certification – Onix Data Centre – Onix Data Centre,,https://onixdatacentres.com/o-home/certification/,"noindex, nofollow, nocache",4,14,
/o-home/edemscott/,200,,Edem Scott – Onix Data Centre,Edem Scott,,"noindex, nofollow, nocache",0,13,
/o-home/kevinopata/,200,,Kevin Opata – Onix Data Centre,Kevin Opata,,"noindex, nofollow, nocache",0,13,
/o-home/leonardmckinlay/,200,,Leornard McKinlay – Onix Data Centre,Leornard McKinlay,,"noindex, nofollow, nocache",0,13,
/o-home/mamadoukebe/,200,,Mamadou KEBE – Onix Data Centre,Mamadou KEBE,,"noindex, nofollow, nocache",0,13,
/o-home/michaelthompson/,200,,Michael Thompson – Onix Data Centre,Michael Thompson,,"noindex, nofollow, nocache",0,13,
/o-home/paulrichards/,200,,Paul Richards – Onix Data Centre,Paul Richards,,"noindex, nofollow, nocache",0,13,
/o-home/privacy-policy/,200,,Privacy Policy – Onix Data Centre – Onix Data Centre,,https://onixdatacentres.com/o-home/privacy-policy/,"noindex, nofollow, nocache",2,12,
/o-home/razak-awudulai/,200,,Razak – Onix Data Centre,Razak,,"noindex, nofollow, nocache",0,13,
/o-home/razak-awudulai1/,200,,Razak Awudulai – Onix Data Centre,Razak Awudulai,,"noindex, nofollow, nocache",0,13,
/o-home/samuel-osew-kwatia/,200,,Samuel Osew-Kwatia – Onix Data Centre,Samuel Osew-Kwatia,,"noindex, nofollow, nocache",0,13,
/o-home/samuelpolley/,200,,Samuel Polley – Onix Data Centre,Samuel Polley,,"noindex, nofollow, nocache",0,13,
/o-home/senegal/,200,,Senegal 🇸🇳 – Onix Data Centre – Onix Data Centre,,https://onixdatacentres.com/o-home/senegal/,"noindex, nofollow, nocache",6,14,
/o-home/senegal/baraawafall/,200,,Bara Awa Fall – Onix Data Centre,Bara Awa Fall,,"noindex, nofollow, nocache",0,13,
/o-home/serwaakankam/,200,,Serwaa Kankam – Onix Data Centre,Serwaa Kankam,,"noindex, nofollow, nocache",0,13,
/o-home/stephenappiah/,200,,Stephen Appiah Fordjour – Onix Data Centre,Stephen Appiah Fordjour,,"noindex, nofollow, nocache",0,13,
/partners/,200,,Partners – Onix Data Centre – Onix Data Centre,,https://onixdatacentres.com/partners/,"noindex, nofollow, nocache",2,14,
/services/,200,,Services – Onix Data Centre,,https://onixdatacentres.com/services/,"noindex, nofollow, nocache",0,12,