wordpress_id,old_url,payload_id,title,article_type,content_import_status,featured_image_status,inline_media_status,seo_status,url_status,warnings,manual_review
1263,/2020/11/21/why-africa-corporations-should-host-their-data-in-carrier-neutral-data-centres-not-in-house/,3,why-africa-corporations-should-host-their-data-in-carrier-neutral-data-centres-not-in-house,STANDARD_HTML,success,mapped,mapped,mapped,preserved,Updated existing (idempotent),no
3164,/2020/12/21/challenges-in-data-centre-deployment-in-africa/,4,challenges-in-data-centre-deployment-in-africa,STANDARD_HTML,success,mapped,mapped,mapped,preserved,Updated existing (idempotent),no
3191,/2020/12/21/how-governments-can-help-grow-the-digital-economy-in-africa/,5,how-governments-can-help-grow-the-digital-economy-in-africa,STANDARD_HTML,success,mapped,mapped,mapped,preserved,Updated existing (idempotent),no
3194,/2020/12/21/why-carrier-neutral-colocation-data-centres-will-predominate-in-africa/,6,why-carrier-neutral-colocation-data-centres-will-predominate-in-africa,STANDARD_HTML,success,mapped,mapped,mapped,preserved,Updated existing (idempotent),no
3196,/2020/12/21/broadband-the-most-effective-catalyst-for-development-in-emerging-markets/,7,broadband-the-most-effective-catalyst-for-development-in-emerging-markets,STANDARD_HTML,success,mapped,mapped,mapped,preserved,Updated existing (idempotent),no
3198,/2020/12/21/connecting-the-unconnected-in-africa/,8,connecting-the-unconnected-in-africa,STANDARD_HTML,success,mapped,mapped,mapped,preserved,Updated existing (idempotent),no
3498,/2021/01/22/africa-drivers-of-growth-2021/,9,africa-drivers-of-growth-2021,STANDARD_HTML,success,mapped,mapped,mapped,preserved,Updated existing (idempotent),no
3876,/2021/03/04/african-infrastructure-investment-managers-acquires-majority-stake-in-ghana-based-data-centre-2/,10,african-infrastructure-investment-managers-acquires-majority-stake-in-ghana-based-data-centre-2,STANDARD_HTML,success,mapped,mapped,mapped,preserved,Updated existing (idempotent),no
3968,/2021/04/06/why-african-data-centres-need-to-use-renewable-energy/,11,why-african-data-centres-need-to-use-renewable-energy,ELEMENTOR,success,mapped,mapped,mapped,preserved,Updated existing (idempotent),no
4007,/2021/06/07/africas-digital-economy-the-post-mobile-wave/,12,africas-digital-economy-the-post-mobile-wave,ELEMENTOR,success,mapped,mapped,mapped,preserved,Updated existing (idempotent),no
4022,/2021/09/21/onix-dc-accra-the-only-climate-friendly-data-centre-in-west-africa/,13,onix-dc-accra-the-only-climate-friendly-data-centre-in-west-africa,ELEMENTOR,success,mapped,mapped,mapped,preserved,Updated existing (idempotent),no
4496,/2022/11/17/onix-data-centre-announces-azure-stack-partnership-following-africa-tech-festival/,14,onix-data-centre-announces-azure-stack-partnership-following-africa-tech-festival,ELEMENTOR,success,mapped,mapped,mapped,preserved,Updated existing (idempotent),no
4519,/2022/11/29/afr-ix-onix-internet-data-partnership/,15,afr-ix-onix-internet-data-partnership,ELEMENTOR,success,mapped,mapped,mapped,preserved,Updated existing (idempotent),no
4544,/2022/12/20/onix-data-centre-accra-achieves-iso-27001-and-iso-9001-certification/,16,onix-data-centre-accra-achieves-iso-27001-and-iso-9001-certification,ELEMENTOR,success,mapped,mapped,mapped,preserved,Updated existing (idempotent),no
5678,/2023/02/24/onix-ceo-mike-nahons-speech-senegal/,17,onix-ceo-mike-nahons-speech-senegal,STANDARD_HTML,success,mapped,mapped,mapped,preserved,Updated existing (idempotent),no
5694,/2023/03/08/colocation-data-centres/,18,colocation-data-centres,STANDARD_HTML,success,missing,partial,mapped,preserved,1 inline media URLs not mapped; Featured image attachment 5696 not mapped; Updated existing (idempotent),yes
5938,/2023/03/23/senegal-the-next-singapore/,19,senegal-the-next-singapore,STANDARD_HTML,success,mapped,mapped,mapped,preserved,Updated existing (idempotent),no
5953,/2023/04/19/cold-aisle-containment-data-centre-cooling/,20,cold-aisle-containment-data-centre-cooling,STANDARD_HTML,success,mapped,missing,mapped,preserved,1 inline media URLs not mapped; Updated existing (idempotent),yes
5965,/2023/05/24/fire-suppression-data-centres/,21,fire-suppression-data-centres,STANDARD_HTML,success,mapped,mapped,mapped,preserved,Updated existing (idempotent),no
5967,/2023/05/09/protecting-your-data-the-importance-of-data-security-for-businesses-and-institutions/,22,protecting-your-data-the-importance-of-data-security-for-businesses-and-institutions,STANDARD_HTML,success,mapped,mapped,mapped,preserved,Updated existing (idempotent),no
6064,/2023/05/11/tier-3-facility-in-dakar-2023-completion/,23,tier-3-facility-in-dakar-2023-completion,STANDARD_HTML,success,mapped,mapped,mapped,preserved,Updated existing (idempotent),no
5624,/2023/02/17/onix-launch-dakar/,24,onix-launch-dakar,STANDARD_HTML,success,mapped,mapped,mapped,preserved,Updated existing (idempotent),no
6347,/2023/06/20/uptime-power-backup-onix-data-centre/,25,uptime-power-backup-onix-data-centre,STANDARD_HTML,success,mapped,mapped,mapped,preserved,Updated existing (idempotent),no
6437,/2023/08/02/solar-data-sustainable-solution/,26,solar-data-sustainable-solution,STANDARD_HTML,success,mapped,missing,mapped,preserved,1 inline media URLs not mapped; Updated existing (idempotent),yes
6514,/2023/08/16/the-role-of-data-centres-in-smart-cities-the-future-of-urban-living-in-africa/,27,the-role-of-data-centres-in-smart-cities-the-future-of-urban-living-in-africa,STANDARD_HTML,success,mapped,mapped,mapped,preserved,Updated existing (idempotent),no
6588,/2023/09/12/strategic-network-peering-a-beginners-guide/,28,strategic-network-peering-a-beginners-guide,STANDARD_HTML,success,mapped,mapped,mapped,preserved,Updated existing (idempotent),no
6601,/2023/09/26/resilience-data-centres-natural-disasters/,29,resilience-data-centres-natural-disasters,STANDARD_HTML,success,mapped,mapped,mapped,preserved,Updated existing (idempotent),no
6612,/2023/10/03/healthcare-colocation-data-centre/,30,healthcare-colocation-data-centre,STANDARD_HTML,success,mapped,missing,mapped,preserved,1 inline media URLs not mapped; Updated existing (idempotent),yes
6774,/2023/10/31/elevating-government-data-management-colocation-services/,31,elevating-government-data-management-colocation-services,STANDARD_HTML,success,mapped,mapped,mapped,preserved,Updated existing (idempotent),no
6806,/2023/11/09/support-for-south-tongu-flood-relief/,32,support-for-south-tongu-flood-relief,STANDARD_HTML,success,mapped,mapped,mapped,preserved,Updated existing (idempotent),no
6914,/2023/11/21/bluespace-financial-cloud-onix-data-centre/,33,bluespace-financial-cloud-onix-data-centre,STANDARD_HTML,success,mapped,mapped,mapped,preserved,Updated existing (idempotent),no
6950,/2023/12/12/africas-data-centre-revolution/,34,africas-data-centre-revolution,STANDARD_HTML,success,mapped,mapped,mapped,preserved,Updated existing (idempotent),no
6961,/2024/01/16/navigating-2024-data-centre-trends/,35,navigating-2024-data-centre-trends,STANDARD_HTML,success,mapped,missing,mapped,preserved,2 inline media URLs not mapped; Updated existing (idempotent),yes
6970,/2024/01/23/onix-growth-innovation-leadership-transition/,36,onix-growth-innovation-leadership-transition,STANDARD_HTML,success,mapped,mapped,mapped,preserved,Updated existing (idempotent),no
7047,/2024/02/20/solar-power-data-centres-sustainable/,37,solar-power-data-centres-sustainable,STANDARD_HTML,success,mapped,missing,mapped,preserved,1 inline media URLs not mapped; Updated existing (idempotent),yes
7054,/2024/03/07/edge-computing-in-ghana/,38,edge-computing-in-ghana,STANDARD_HTML,success,mapped,mapped,mapped,preserved,Updated existing (idempotent),no
7142,/2024/03/18/digital-resilience-in-west-africa/,39,digital-resilience-in-west-africa,STANDARD_HTML,success,mapped,missing,mapped,preserved,1 inline media URLs not mapped; Updated existing (idempotent),yes
7247,/2024/03/26/onix-introduces-cloud-computing-ghana/,40,onix-introduces-cloud-computing-ghana,STANDARD_HTML,success,mapped,mapped,mapped,preserved,Updated existing (idempotent),no
7330,/2024/04/03/onix-data-centres-partnership-glico-insurance/,41,onix-data-centres-partnership-glico-insurance,STANDARD_HTML,success,mapped,mapped,mapped,preserved,Updated existing (idempotent),no
7413,/2024/04/24/different-industries-utilise-data-centres/,42,different-industries-utilise-data-centres,STANDARD_HTML,success,mapped,missing,mapped,preserved,1 inline media URLs not mapped; Updated existing (idempotent),yes
7526,/2024/05/07/data-centre-innovations-africa-adca-report/,43,data-centre-innovations-africa-adca-report,STANDARD_HTML,success,mapped,mapped,mapped,preserved,Updated existing (idempotent),no
7546,/2024/05/15/transparency-customer-awareness-data-hosting/,44,transparency-customer-awareness-data-hosting,STANDARD_HTML,success,mapped,missing,mapped,preserved,1 inline media URLs not mapped; Updated existing (idempotent),yes
7611,/2024/05/28/global-connectivity/,45,global-connectivity,STANDARD_HTML,success,mapped,mapped,mapped,preserved,Updated existing (idempotent),no
7668,/2024/06/11/data-centre-collaboration/,46,data-centre-collaboration,STANDARD_HTML,success,mapped,mapped,mapped,preserved,Updated existing (idempotent),no
7677,/2024/06/20/strengthening-bonds-our-partnership-with-sekoe-chocolate-suppliers/,47,strengthening-bonds-our-partnership-with-sekoe-chocolate-suppliers,STANDARD_HTML,success,mapped,missing,mapped,preserved,1 inline media URLs not mapped; Updated existing (idempotent),yes
7817,/2024/07/09/harnessing-ai-renewable-energy/,48,harnessing-ai-renewable-energy,STANDARD_HTML,success,mapped,mapped,mapped,preserved,Updated existing (idempotent),no
7962,/2024/07/23/enhancing-resilience-security-it-outages/,49,enhancing-resilience-security-it-outages,STANDARD_HTML,success,mapped,mapped,mapped,preserved,Updated existing (idempotent),no
7996,/2024/10/15/data-centres-healthcare-africa/,50,data-centres-healthcare-africa,STANDARD_HTML,success,mapped,mapped,mapped,preserved,Updated existing (idempotent),no
8006,/2024/10/29/empowering-digital-transformation-africa-data-centres/,51,empowering-digital-transformation-africa-data-centres,STANDARD_HTML,success,mapped,mapped,mapped,preserved,Updated existing (idempotent),no
8165,/2024/11/19/why-onix-location-genius/,52,why-onix-location-genius,STANDARD_HTML,success,mapped,mapped,mapped,preserved,Updated existing (idempotent),no
8312,/2024/11/13/onix-data-centres-linx-ghana/,53,onix-data-centres-linx-ghana,STANDARD_HTML,success,mapped,mapped,mapped,preserved,Updated existing (idempotent),no
8380,/2024/12/03/advantages-tier-iv-data-centre/,54,advantages-tier-iv-data-centre,ELEMENTOR,success,mapped,mapped,mapped,preserved,Updated existing (idempotent),no
8508,/2024/12/17/santas-secret-data-centres/,55,santas-secret-data-centres,STANDARD_HTML,success,mapped,mapped,mapped,preserved,Updated existing (idempotent),no
8522,/2025/01/08/5-it-resolutions/,56,5-it-resolutions,STANDARD_HTML,success,mapped,mapped,mapped,preserved,Updated existing (idempotent),no
8616,/2025/01/23/revolutionising-innovation-africa-local-hosting/,57,revolutionising-innovation-africa-local-hosting,STANDARD_HTML,success,mapped,mapped,mapped,preserved,Updated existing (idempotent),no
8633,/2025/02/04/the-true-cost-of-downtime/,58,the-true-cost-of-downtime,STANDARD_HTML,success,mapped,mapped,mapped,preserved,Updated existing (idempotent),no
8648,/2025/02/18/the-power-of-data-synchronisation-building-ghanas-digital-future/,59,the-power-of-data-synchronisation-building-ghanas-digital-future,STANDARD_HTML,success,mapped,mapped,mapped,preserved,Updated existing (idempotent),no
8658,/2025/03/11/africas-tech-industry-challenges/,60,africas-tech-industry-challenges,STANDARD_HTML,success,mapped,mapped,mapped,preserved,Updated existing (idempotent),no
8668,/2025/03/25/africa-digital-infrastructure/,61,africa-digital-infrastructure,STANDARD_HTML,success,mapped,mapped,mapped,preserved,Updated existing (idempotent),no
8702,/2025/04/08/powering-smart-cities-africa-infrastructure/,62,powering-smart-cities-africa-infrastructure,STANDARD_HTML,success,mapped,mapped,mapped,preserved,Updated existing (idempotent),no
8749,/2025/04/24/blueprint-digital-africa-gitex-africa/,63,blueprint-digital-africa-gitex-africa,STANDARD_HTML,success,mapped,mapped,mapped,preserved,Updated existing (idempotent),no
8770,/2025/05/06/linx-accra-onix/,64,linx-accra-onix,STANDARD_HTML,success,mapped,mapped,mapped,preserved,Updated existing (idempotent),no
8836,/2025/05/28/carrier-neutral-data-centres/,65,carrier-neutral-data-centres,STANDARD_HTML,success,mapped,partial,mapped,preserved,1 inline media URLs not mapped; Updated existing (idempotent),yes
8852,/2025/06/10/data-centres-decarbonisation-africa/,66,data-centres-decarbonisation-africa,STANDARD_HTML,success,mapped,mapped,mapped,preserved,Updated existing (idempotent),no
8990,/2025/07/02/reflections-pan-african-data-centre-conference/,67,reflections-pan-african-data-centre-conference,STANDARD_HTML,success,mapped,mapped,mapped,preserved,Updated existing (idempotent),no
9006,/2025/07/07/linx-accra-launches-ghana/,68,linx-accra-launches-ghana,STANDARD_HTML,success,mapped,partial,mapped,preserved,1 inline media URLs not mapped; Updated existing (idempotent),yes
9047,/2025/07/22/gctu-students-explore-onix-data-centre/,69,gctu-students-explore-onix-data-centre,STANDARD_HTML,success,mapped,mapped,mapped,preserved,Updated existing (idempotent),no
9119,/2025/08/05/ghana-data-centre-powerhouse/,70,ghana-data-centre-powerhouse,STANDARD_HTML,success,mapped,mapped,mapped,preserved,Updated existing (idempotent),no
9556,/2025/08/28/hidden-latency-ghana/,71,hidden-latency-ghana,STANDARD_HTML,success,mapped,mapped,mapped,preserved,Updated existing (idempotent),no
9568,/2025/09/09/digital-africa-summit-ghana-2025/,72,digital-africa-summit-ghana-2025,STANDARD_HTML,success,mapped,mapped,mapped,preserved,Updated existing (idempotent),no
9590,/2025/09/30/local-infrastructure-future-gaming/,73,local-infrastructure-future-gaming,STANDARD_HTML,success,mapped,mapped,mapped,preserved,Updated existing (idempotent),no
9606,/2025/10/13/ghana-afts-accra-2025/,74,ghana-afts-accra-2025,STANDARD_HTML,success,mapped,mapped,mapped,preserved,Updated existing (idempotent),no
9624,/2025/10/14/linx-accra-live-at-onix/,75,linx-accra-live-at-onix,STANDARD_HTML,success,mapped,missing,mapped,preserved,1 inline media URLs not mapped; Updated existing (idempotent),yes
9629,/2025/10/28/africa-digital-cloud-resilience/,2,africa-digital-cloud-resilience,ELEMENTOR,partial,mapped,mapped,mapped,preserved,"Unsupported Elementor widgets: theme-post-title, post-info, theme-post-featured-image, adte-social-share, wpr-magazine-grid; Updated existing (idempotent)",yes
9846,/2025/11/13/what-is-peering/,1,what-is-peering,STANDARD_HTML,success,mapped,mapped,mapped,preserved,Updated existing (idempotent),no
9934,/2025/12/08/returnee-onix-data-centre-business/,76,returnee-onix-data-centre-business,STANDARD_HTML,success,mapped,partial,mapped,preserved,1 inline media URLs not mapped; Updated existing (idempotent),yes
9949,/2026/01/07/2026-the-year-reliability-becomes-strategy/,77,2026-the-year-reliability-becomes-strategy,STANDARD_HTML,success,mapped,mapped,mapped,preserved,Updated existing (idempotent),no
9963,/2026/01/20/sla-vs-reality-data-centres-uptime/,78,sla-vs-reality-data-centres-uptime,STANDARD_HTML,success,mapped,mapped,mapped,preserved,Updated existing (idempotent),no
9974,/2026/02/05/composable-dynamic-infrastructure/,79,composable-dynamic-infrastructure,STANDARD_HTML,success,mapped,mapped,mapped,preserved,Updated existing (idempotent),no
10104,/2026/03/09/ghana-independence-69-digital-nation/,80,ghana-independence-69-digital-nation,STANDARD_HTML,success,mapped,mapped,mapped,preserved,Updated existing (idempotent),no
10148,/2026/03/31/africas-ai-future-infrastructure/,81,africas-ai-future-infrastructure,STANDARD_HTML,success,mapped,mapped,mapped,preserved,Updated existing (idempotent),no
10186,/2026/04/14/war-conflict-revealing-about-cloud/,82,war-conflict-revealing-about-cloud,STANDARD_HTML,success,mapped,mapped,mapped,preserved,Updated existing (idempotent),no
10197,/2026/04/28/infrastructure-decisions-are-becoming-timing-decisions/,83,infrastructure-decisions-are-becoming-timing-decisions,STANDARD_HTML,success,mapped,mapped,mapped,preserved,Updated existing (idempotent),no
10218,/2026/05/19/your-server-room-is-not-a-data-centre/,84,your-server-room-is-not-a-data-centre,STANDARD_HTML,success,mapped,mapped,mapped,preserved,Updated existing (idempotent),no
10250,/2026/06/02/health-data-sovereignty-ghana-digital-health-infrastructure/,85,health-data-sovereignty-ghana-digital-health-infrastructure,STANDARD_HTML,success,mapped,mapped,mapped,preserved,Updated existing (idempotent),no
10267,/2026/06/15/ai-boom-africa-data-centres/,86,ai-boom-africa-data-centres,STANDARD_HTML,success,mapped,mapped,missing,preserved,Updated existing (idempotent),no
10281,/2026/07/07/when-financial-data-comes-home-what-nigerias-new-direction-means-for-ghana/,87,when-financial-data-comes-home-what-nigerias-new-direction-means-for-ghana,STANDARD_HTML,success,mapped,mapped,missing,preserved,Updated existing (idempotent),no
10290,/2026/07/28/what-happens-inside-a-tier-iv-data-centre-during-a-power-cut/,88,what-happens-inside-a-tier-iv-data-centre-during-a-power-cut,STANDARD_HTML,success,mapped,mapped,missing,preserved,Updated existing (idempotent),no