master_relative_path,wordpress_attachment_id,filename,derivative_count,referenced_reason,status,file_exists,notes
2019/05/blog-slide1.jpg,,blog-slide1.jpg,0,,ORPHANED,yes,original without dimension suffix
2019/05/blog-slide2.jpg,,blog-slide2.jpg,0,,ORPHANED,yes,original without dimension suffix
2019/05/blog-slide3.jpg,,blog-slide3.jpg,0,,ORPHANED,yes,original without dimension suffix
2019/07/blog-video.jpg,,blog-video.jpg,0,,ORPHANED,yes,original without dimension suffix
2019/09/blog3.jpg,,blog3.jpg,0,,ORPHANED,yes,original without dimension suffix
2019/11/OnixDC_1_1.png,,OnixDC_1_1.png,6,,ORPHANED,yes,original without dimension suffix
2019/11/OnixDX_1_2.png,,OnixDX_1_2.png,4,,ORPHANED,yes,original without dimension suffix
2019/11/blog1.jpg,1302,blog1.jpg,3,,POSSIBLY_REQUIRED,yes,original without dimension suffix
2019/11/blog2.jpg,,blog2.jpg,0,,ORPHANED,yes,original without dimension suffix
2019/11/blog4.jpg,,blog4.jpg,0,,ORPHANED,yes,original without dimension suffix
2019/11/project-details-1.jpg,,project-details-1.jpg,0,,ORPHANED,yes,original without dimension suffix
2019/11/project-details-10.jpg,,project-details-10.jpg,0,,ORPHANED,yes,original without dimension suffix
2019/11/project-details-11.jpg,,project-details-11.jpg,0,,ORPHANED,yes,original without dimension suffix
2019/11/project-details-12.jpg,,project-details-12.jpg,0,,ORPHANED,yes,original without dimension suffix
2019/11/project-details-2.jpg,,project-details-2.jpg,0,,ORPHANED,yes,original without dimension suffix
2019/11/project-details-3.jpg,,project-details-3.jpg,0,,ORPHANED,yes,original without dimension suffix
2019/11/project-details-4.jpg,,project-details-4.jpg,0,,ORPHANED,yes,original without dimension suffix
2019/11/project-details-5.jpg,,project-details-5.jpg,0,,ORPHANED,yes,original without dimension suffix
2019/11/project-details-6.jpg,,project-details-6.jpg,0,,ORPHANED,yes,original without dimension suffix
2019/11/project-details-7.jpg,,project-details-7.jpg,0,,ORPHANED,yes,original without dimension suffix
2019/11/project-details-8.jpg,,project-details-8.jpg,0,,ORPHANED,yes,original without dimension suffix
2019/11/project-details-9.jpg,,project-details-9.jpg,0,,ORPHANED,yes,original without dimension suffix
2019/11/project-details-s1.png,,project-details-s1.png,0,,ORPHANED,yes,original without dimension suffix
2019/11/project-details-s2.png,,project-details-s2.png,0,,ORPHANED,yes,original without dimension suffix
2019/11/project1.jpg,,project1.jpg,0,,ORPHANED,yes,original without dimension suffix
2019/11/project10.jpg,,project10.jpg,0,,ORPHANED,yes,original without dimension suffix
2019/11/project11.jpg,,project11.jpg,0,,ORPHANED,yes,original without dimension suffix
2019/11/project12.jpg,,project12.jpg,0,,ORPHANED,yes,original without dimension suffix
2019/11/project2.jpg,,project2.jpg,0,,ORPHANED,yes,original without dimension suffix
2019/11/project3.jpg,,project3.jpg,0,,ORPHANED,yes,original without dimension suffix
2019/11/project4.jpg,,project4.jpg,0,,ORPHANED,yes,original without dimension suffix
2019/11/project5.jpg,,project5.jpg,0,,ORPHANED,yes,original without dimension suffix
2019/11/project6.jpg,,project6.jpg,0,,ORPHANED,yes,original without dimension suffix
2019/11/project7.jpg,,project7.jpg,0,,ORPHANED,yes,original without dimension suffix
2019/11/project8.jpg,,project8.jpg,0,,ORPHANED,yes,original without dimension suffix
2019/11/project9.jpg,,project9.jpg,0,,ORPHANED,yes,original without dimension suffix
2019/12/ONIX-WHITE-1.png,,ONIX-WHITE-1.png,10,,ORPHANED,yes,original without dimension suffix
2019/12/author-widget.jpg,,author-widget.jpg,0,,ORPHANED,yes,original without dimension suffix
2019/12/bg-footer1.png,,bg-footer1.png,0,,ORPHANED,yes,original without dimension suffix
2019/12/bg-pheader.jpg,,bg-pheader.jpg,0,,ORPHANED,yes,original without dimension suffix
2019/12/blog-post.png,1287,blog-post.png,3,article_inline,REQUIRED,yes,original without dimension suffix
2019/12/logo-light.png,,logo-light.png,0,,ORPHANED,yes,original without dimension suffix
2019/12/onix-white.png,,onix-white.png,1,,ORPHANED,yes,original without dimension suffix
2019/12/promo-image.jpg,,promo-image.jpg,0,,ORPHANED,yes,original without dimension suffix
2020/01/bg-counter-1.jpg,,bg-counter-1.jpg,0,,ORPHANED,yes,original without dimension suffix
2020/01/bg-cs.jpg,,bg-cs.jpg,0,,ORPHANED,yes,original without dimension suffix
2020/01/bg-cta1.jpg,,bg-cta1.jpg,0,,ORPHANED,yes,original without dimension suffix
2020/01/bg-icon-box1.jpg,,bg-icon-box1.jpg,0,,ORPHANED,yes,original without dimension suffix
2020/01/bg-icon-box2.jpg,,bg-icon-box2.jpg,0,,ORPHANED,yes,original without dimension suffix
2020/01/bg-icon-box3.jpg,,bg-icon-box3.jpg,0,,ORPHANED,yes,original without dimension suffix
2020/01/bg-icon-box4.jpg,,bg-icon-box4.jpg,0,,ORPHANED,yes,original without dimension suffix
2020/01/bg-icon-box5.jpg,,bg-icon-box5.jpg,0,,ORPHANED,yes,original without dimension suffix
2020/01/bg-icon-box6.jpg,,bg-icon-box6.jpg,0,,ORPHANED,yes,original without dimension suffix
2020/01/bg-maps-dots-alt.jpg,,bg-maps-dots-alt.jpg,0,,ORPHANED,yes,original without dimension suffix
2020/01/bg-maps-dots.jpg,,bg-maps-dots.jpg,0,,ORPHANED,yes,original without dimension suffix
2020/01/bg-maps.jpg,,bg-maps.jpg,0,,ORPHANED,yes,original without dimension suffix
2020/01/bg1-service1.jpg,,bg1-service1.jpg,0,,ORPHANED,yes,original without dimension suffix
2020/01/logo-cs.png,,logo-cs.png,0,,ORPHANED,yes,original without dimension suffix
2020/01/man1.png,,man1.png,0,,ORPHANED,yes,original without dimension suffix
2020/01/member1.jpg,,member1.jpg,0,,ORPHANED,yes,original without dimension suffix
2020/01/member2.jpg,,member2.jpg,0,,ORPHANED,yes,original without dimension suffix
2020/01/member3.jpg,,member3.jpg,0,,ORPHANED,yes,original without dimension suffix
2020/01/member4.jpg,,member4.jpg,0,,ORPHANED,yes,original without dimension suffix
2020/01/member5.jpg,,member5.jpg,0,,ORPHANED,yes,original without dimension suffix
2020/01/member6.jpg,,member6.jpg,0,,ORPHANED,yes,original without dimension suffix
2020/01/member7.jpg,,member7.jpg,0,,ORPHANED,yes,original without dimension suffix
2020/01/member8.jpg,,member8.jpg,0,,ORPHANED,yes,original without dimension suffix
2020/01/pic1-service1.png,,pic1-service1.png,0,,ORPHANED,yes,original without dimension suffix
2020/01/support1.jpg,,support1.jpg,0,,ORPHANED,yes,original without dimension suffix
2020/01/support2.jpg,,support2.jpg,0,,ORPHANED,yes,original without dimension suffix
2020/01/support3.jpg,,support3.jpg,0,,ORPHANED,yes,original without dimension suffix
2020/01/testi1.png,,testi1.png,0,,ORPHANED,yes,original without dimension suffix
2020/01/testi2.png,,testi2.png,0,,ORPHANED,yes,original without dimension suffix
2020/01/top-team.png,,top-team.png,0,,ORPHANED,yes,original without dimension suffix
2020/02/app-watch-1.jpg,,app-watch-1.jpg,0,,ORPHANED,yes,original without dimension suffix
2020/02/apple-w.png,,apple-w.png,0,,ORPHANED,yes,original without dimension suffix
2020/02/bg-art-1.png,,bg-art-1.png,0,,ORPHANED,yes,original without dimension suffix
2020/02/bg-art-2.png,,bg-art-2.png,0,,ORPHANED,yes,original without dimension suffix
2020/02/bg-art-3.png,,bg-art-3.png,0,,ORPHANED,yes,original without dimension suffix
2020/02/bg-art-4.png,,bg-art-4.png,0,,ORPHANED,yes,original without dimension suffix
2020/02/bg-art-5.png,,bg-art-5.png,0,,ORPHANED,yes,original without dimension suffix
2020/02/bg-art-6.png,,bg-art-6.png,0,,ORPHANED,yes,original without dimension suffix
2020/02/bg-counter-2.jpg,,bg-counter-2.jpg,0,,ORPHANED,yes,original without dimension suffix
2020/02/bg-cta1-home1.jpg,,bg-cta1-home1.jpg,0,,ORPHANED,yes,original without dimension suffix
2020/02/bg-particle1.png,,bg-particle1.png,0,,ORPHANED,yes,original without dimension suffix
2020/02/bg-solution-section.jpg,,bg-solution-section.jpg,0,,ORPHANED,yes,original without dimension suffix
2020/02/bg-tech-home1.jpg,,bg-tech-home1.jpg,0,,ORPHANED,yes,original without dimension suffix
2020/02/fun-fact1.jpg,,fun-fact1.jpg,0,,ORPHANED,yes,original without dimension suffix
2020/02/fun-fact2.jpg,,fun-fact2.jpg,0,,ORPHANED,yes,original without dimension suffix
2020/02/g-image.png,,g-image.png,0,,ORPHANED,yes,original without dimension suffix
2020/02/image-box1.jpg,,image-box1.jpg,0,,ORPHANED,yes,original without dimension suffix
2020/02/image-box2.jpg,,image-box2.jpg,0,,ORPHANED,yes,original without dimension suffix
2020/02/image-box3.jpg,,image-box3.jpg,0,,ORPHANED,yes,original without dimension suffix
2020/02/image-box4.jpg,,image-box4.jpg,0,,ORPHANED,yes,original without dimension suffix
2020/02/image1-about.png,,image1-about.png,0,,ORPHANED,yes,original without dimension suffix
2020/02/image1-home1.png,,image1-home1.png,0,,ORPHANED,yes,original without dimension suffix
2020/02/image2-about.png,,image2-about.png,0,,ORPHANED,yes,original without dimension suffix
2020/02/r-image.png,,r-image.png,0,,ORPHANED,yes,original without dimension suffix
2020/02/single-team1.jpg,,single-team1.jpg,0,,ORPHANED,yes,original without dimension suffix
2020/02/t-image.png,,t-image.png,0,,ORPHANED,yes,original without dimension suffix
2020/03/b-image.png,,b-image.png,0,,ORPHANED,yes,original without dimension suffix
2020/03/banner-home3.jpg,,banner-home3.jpg,0,,ORPHANED,yes,original without dimension suffix
2020/03/bg-art-home4.png,,bg-art-home4.png,0,,ORPHANED,yes,original without dimension suffix
2020/03/bg-art2-home4.png,,bg-art2-home4.png,0,,ORPHANED,yes,original without dimension suffix
2020/03/bg-art3-home4.png,,bg-art3-home4.png,0,,ORPHANED,yes,original without dimension suffix
2020/03/bg-banner-home2.png,,bg-banner-home2.png,0,,ORPHANED,yes,original without dimension suffix
2020/03/bg-banner-home5.png,,bg-banner-home5.png,0,,ORPHANED,yes,original without dimension suffix
2020/03/bg-cta-home2.jpg,,bg-cta-home2.jpg,0,,ORPHANED,yes,original without dimension suffix
2020/03/bg-map-dark.jpg,,bg-map-dark.jpg,0,,ORPHANED,yes,original without dimension suffix
2020/03/bg-s1-home3.png,,bg-s1-home3.png,0,,ORPHANED,yes,original without dimension suffix
2020/03/bg-s1-home4.jpg,,bg-s1-home4.jpg,0,,ORPHANED,yes,original without dimension suffix
2020/03/bg-s2-home3.jpg,,bg-s2-home3.jpg,0,,ORPHANED,yes,original without dimension suffix
2020/03/big-logo-home2.png,,big-logo-home2.png,0,,ORPHANED,yes,original without dimension suffix
2020/03/client1.svg,,client1.svg,0,,ORPHANED,yes,original without dimension suffix
2020/03/client2.svg,,client2.svg,0,,ORPHANED,yes,original without dimension suffix
2020/03/client3.svg,,client3.svg,0,,ORPHANED,yes,original without dimension suffix
2020/03/client4.png,,client4.png,0,,ORPHANED,yes,original without dimension suffix
2020/03/client5.svg,,client5.svg,0,,ORPHANED,yes,original without dimension suffix
2020/03/client6.svg,,client6.svg,0,,ORPHANED,yes,original without dimension suffix
2020/03/flipbox1.jpg,,flipbox1.jpg,0,,ORPHANED,yes,original without dimension suffix
2020/03/flipbox2.jpg,,flipbox2.jpg,0,,ORPHANED,yes,original without dimension suffix
2020/03/flipbox3.jpg,,flipbox3.jpg,0,,ORPHANED,yes,original without dimension suffix
2020/03/image-banner-home5.png,,image-banner-home5.png,0,,ORPHANED,yes,original without dimension suffix
2020/03/image1-home2.png,,image1-home2.png,0,,ORPHANED,yes,original without dimension suffix
2020/03/image1-home3.png,,image1-home3.png,0,,ORPHANED,yes,original without dimension suffix
2020/03/image1-home4.png,,image1-home4.png,0,,ORPHANED,yes,original without dimension suffix
2020/03/image1-home5.png,,image1-home5.png,0,,ORPHANED,yes,original without dimension suffix
2020/03/product-1-1.jpg,,product-1-1.jpg,0,,ORPHANED,yes,original without dimension suffix
2020/03/product-1-2.jpg,,product-1-2.jpg,0,,ORPHANED,yes,original without dimension suffix
2020/03/product-1-3.jpg,,product-1-3.jpg,0,,ORPHANED,yes,original without dimension suffix
2020/03/product-1-4.jpg,,product-1-4.jpg,0,,ORPHANED,yes,original without dimension suffix
2020/03/woocommerce-placeholder.png,,woocommerce-placeholder.png,0,,ORPHANED,yes,original without dimension suffix
2020/09/logo.svg,,logo.svg,0,,ORPHANED,yes,original without dimension suffix
2020/09/onix-new-black-1.png,,onix-new-black-1.png,10,,ORPHANED,yes,original without dimension suffix
2020/09/onix-new-black.png,,onix-new-black.png,0,,ORPHANED,yes,original without dimension suffix
2020/09/onix-new-red-1.png,,onix-new-red-1.png,10,,ORPHANED,yes,original without dimension suffix
2020/09/onix-new-red.png,,onix-new-red.png,0,,ORPHANED,yes,original without dimension suffix
2020/09/onix_p.png,,onix_p.png,5,,ORPHANED,yes,original without dimension suffix
2020/09/onix_plain.png,,onix_plain.png,1,,ORPHANED,yes,original without dimension suffix
2020/09/ox.png,,ox.png,1,,ORPHANED,yes,original without dimension suffix
2020/10/Accra-2.png,,Accra-2.png,8,,ORPHANED,yes,original without dimension suffix
2020/10/ONIX-BLACK.png,,ONIX-BLACK.png,0,,ORPHANED,yes,original without dimension suffix
2020/10/ONIX_B.png,,ONIX_B.png,5,,ORPHANED,yes,original without dimension suffix
2020/10/Picture-1.png,,Picture-1.png,8,,ORPHANED,yes,original without dimension suffix
2020/10/bg-pheader.jpg,,bg-pheader.jpg,0,,ORPHANED,yes,original without dimension suffix
2020/10/pexels-marian-croitoru-5607784.mp4,,pexels-marian-croitoru-5607784.mp4,0,,ORPHANED,yes,original without dimension suffix
2020/11/why-african.jpg,3391,why-african.jpg,1,article_featured_image,REQUIRED,yes,original without dimension suffix
2020/12/1.png,,1.png,1,,ORPHANED,yes,original without dimension suffix
2020/12/10.png,,10.png,2,,ORPHANED,yes,original without dimension suffix
2020/12/11.png,,11.png,2,,ORPHANED,yes,original without dimension suffix
2020/12/12.png,,12.png,2,,ORPHANED,yes,original without dimension suffix
2020/12/1280px-Vertiv_logo.svg.png,,1280px-Vertiv_logo.svg.png,7,,ORPHANED,yes,original without dimension suffix
2020/12/2.png,,2.png,1,,ORPHANED,yes,original without dimension suffix
2020/12/3.png,,3.png,1,,ORPHANED,yes,original without dimension suffix
2020/12/4.png,,4.png,1,,ORPHANED,yes,original without dimension suffix
2020/12/5.png,,5.png,1,,ORPHANED,yes,original without dimension suffix
2020/12/6.png,,6.png,1,,ORPHANED,yes,original without dimension suffix
2020/12/7.png,,7.png,1,,ORPHANED,yes,original without dimension suffix
2020/12/8.png,,8.png,1,,ORPHANED,yes,original without dimension suffix
2020/12/9.png,,9.png,2,,ORPHANED,yes,original without dimension suffix
2020/12/AIIM.png,799,AIIM.png,3,,POSSIBLY_REQUIRED,yes,original without dimension suffix
2020/12/CKR.png,,CKR.png,1,,ORPHANED,yes,original without dimension suffix
2020/12/Colocation.jpeg,,Colocation.jpeg,13,,ORPHANED,yes,original without dimension suffix
2020/12/Connectivity-serives.jpeg,,Connectivity-serives.jpeg,12,,ORPHANED,yes,original without dimension suffix
2020/12/Daikin-Logo-Transparent.gif,,Daikin-Logo-Transparent.gif,6,,ORPHANED,yes,original without dimension suffix
2020/12/ONIX-CENTER.png,,ONIX-CENTER.png,8,,ORPHANED,yes,original without dimension suffix
2020/12/Our-centre-we-aim-to-provide.jpeg,,Our-centre-we-aim-to-provide.jpeg,11,,ORPHANED,yes,original without dimension suffix
2020/12/Power-infrastructure.jpeg,,Power-infrastructure.jpeg,13,,ORPHANED,yes,original without dimension suffix
2020/12/Screenshot-2020-12-10-at-00.01.26.png,,Screenshot-2020-12-10-at-00.01.26.png,3,,ORPHANED,yes,original without dimension suffix
2020/12/Vertiv-Logo.png,,Vertiv-Logo.png,7,,ORPHANED,yes,original without dimension suffix
2020/12/What-we-do.jpeg,,What-we-do.jpeg,11,,ORPHANED,yes,original without dimension suffix
2020/12/aiim-logo-bold.png,,aiim-logo-bold.png,2,,ORPHANED,yes,original without dimension suffix
2020/12/broadband-blog.jpg,3384,broadband-blog.jpg,6,article_featured_image,REQUIRED,yes,original without dimension suffix
2020/12/carrier-neutral.jpg,3386,carrier-neutral.jpg,6,article_featured_image,REQUIRED,yes,original without dimension suffix
2020/12/challenges.jpg,3389,challenges.jpg,4,article_featured_image,REQUIRED,yes,original without dimension suffix
2020/12/connect-unconnected.jpg,3382,connect-unconnected.jpg,1,article_featured_image,REQUIRED,yes,original without dimension suffix
2020/12/daikin.png,,daikin.png,6,,ORPHANED,yes,original without dimension suffix
2020/12/eaton.png,,eaton.png,6,,ORPHANED,yes,original without dimension suffix
2020/12/eaton-new.png,,eaton-new.png,7,,ORPHANED,yes,original without dimension suffix
2020/12/government-blog.jpg,3388,government-blog.jpg,6,,POSSIBLY_REQUIRED,yes,original without dimension suffix
2020/12/govt.jpg,3422,govt.jpg,12,article_featured_image,REQUIRED,yes,original without dimension suffix
2020/12/kohler.png,,kohler.png,3,,ORPHANED,yes,original without dimension suffix
2020/12/kohler-new.png,,kohler-new.png,2,,ORPHANED,yes,original without dimension suffix
2020/12/schneider.png,,schneider.png,8,,ORPHANED,yes,original without dimension suffix
2020/12/siemens.png,,siemens.png,6,,ORPHANED,yes,original without dimension suffix
2020/12/vertiv.png,,vertiv.png,6,,ORPHANED,yes,original without dimension suffix
2020/12/what-we-do-2-1.jpeg,,what-we-do-2-1.jpeg,12,,ORPHANED,yes,original without dimension suffix
2020/12/what-we-do-2.jpeg,,what-we-do-2.jpeg,12,,ORPHANED,yes,original without dimension suffix
2021/01/GNPR-samantha-esig-012021-pdf.jpg,,GNPR-samantha-esig-012021-pdf.jpg,2,,ORPHANED,yes,original without dimension suffix
2021/01/GNPR-samantha-esig-012021.pdf,,GNPR-samantha-esig-012021.pdf,0,,ORPHANED,yes,original without dimension suffix
2021/01/Michael-1.jpg,,Michael-1.jpg,22,,ORPHANED,yes,original without dimension suffix
2021/01/Michael.jpg,,Michael.jpg,22,,ORPHANED,yes,original without dimension suffix
2021/01/NEC.jpg,,NEC.jpg,5,,ORPHANED,yes,original without dimension suffix
2021/01/Paul.jpg,,Paul.jpg,22,,ORPHANED,yes,original without dimension suffix
2021/01/Samuel-Ankrah.jpg,,Samuel-Ankrah.jpg,22,,ORPHANED,yes,original without dimension suffix
2021/01/WhatsApp-Image-2021-01-13-at-11.13.44.jpeg,,WhatsApp-Image-2021-01-13-at-11.13.44.jpeg,22,,ORPHANED,yes,original without dimension suffix
2021/01/colocation-move-the-other-pic.jpg,,colocation-move-the-other-pic.jpg,28,,ORPHANED,yes,original without dimension suffix
2021/01/colocation_new.jpg,,colocation_new.jpg,13,,ORPHANED,yes,original without dimension suffix
2021/01/mechanical_onix.jpg,,mechanical_onix.jpg,13,,ORPHANED,yes,original without dimension suffix
2021/01/paul-new.jpg,,paul-new.jpg,22,,ORPHANED,yes,original without dimension suffix
2021/01/power_onix.jpg,,power_onix.jpg,13,,ORPHANED,yes,original without dimension suffix
2021/01/rural-scene-fruit-africa-kenya-farmer-market-bright-and-colorful-vendors-selling_t20_e968xm.jpg,3632,rural-scene-fruit-africa-kenya-farmer-market-bright-and-colorful-vendors-selling_t20_e968xm.jpg,25,article_featured_image,REQUIRED,yes,original without dimension suffix
2021/01/security_onix.jpg,,security_onix.jpg,13,,ORPHANED,yes,original without dimension suffix
2021/01/start-up-office-meeting-board-room_t20_e8kYBB-1.jpg,,start-up-office-meeting-board-room_t20_e8kYBB-1.jpg,27,,ORPHANED,yes,original without dimension suffix
2021/01/sun-africa-hand-telephone-mobile-phone-phone-ghana-samsung-mobile_t20_kLAw1K.jpg,3500,sun-africa-hand-telephone-mobile-phone-phone-ghana-samsung-mobile_t20_kLAw1K.jpg,26,,POSSIBLY_REQUIRED,yes,original without dimension suffix
2021/01/unnamed-1.jpg,,unnamed-1.jpg,25,,ORPHANED,yes,original without dimension suffix
2021/02/Logo-Revert-5-01-1-1.png,,Logo-Revert-5-01-1-1.png,25,,ORPHANED,yes,original without dimension suffix
2021/02/New-Onix.png,,New-Onix.png,25,,ORPHANED,yes,original without dimension suffix
2021/02/aiim-logo.jpg,,aiim-logo.jpg,2,,ORPHANED,yes,original without dimension suffix
2021/02/ckr.jpg,,ckr.jpg,2,,ORPHANED,yes,original without dimension suffix
2021/02/cropped-Logo-Revert-5-01-1-1.png,,cropped-Logo-Revert-5-01-1-1.png,25,,ORPHANED,yes,original without dimension suffix
2021/02/cropped-cropped-Logo-Revert-5-01-1-1.png,,cropped-cropped-Logo-Revert-5-01-1-1.png,25,,ORPHANED,yes,original without dimension suffix
2021/02/daikin.jpg,,daikin.jpg,2,,ORPHANED,yes,original without dimension suffix
2021/02/eaton-logo.jpg,,eaton-logo.jpg,2,,ORPHANED,yes,original without dimension suffix
2021/02/electric-logo.jpg,,electric-logo.jpg,2,,ORPHANED,yes,original without dimension suffix
2021/02/kohler-logo.jpg,,kohler-logo.jpg,2,,ORPHANED,yes,original without dimension suffix
2021/02/nec.jpg,,nec.jpg,2,,ORPHANED,yes,original without dimension suffix
2021/02/siemens.logo_.jpg,,siemens.logo_.jpg,2,,ORPHANED,yes,original without dimension suffix
2021/02/uptime-institute-logo.jpg,,uptime-institute-logo.jpg,2,,ORPHANED,yes,original without dimension suffix
2021/02/vertiv-logo.jpg,,vertiv-logo.jpg,2,,ORPHANED,yes,original without dimension suffix
2021/03/Logo-Revert-5-01-1.png,3880,Logo-Revert-5-01-1.png,25,,POSSIBLY_REQUIRED,yes,original without dimension suffix
2021/03/ONIX-Feature.jpg,,ONIX-Feature.jpg,22,,ORPHANED,yes,original without dimension suffix
2021/03/Onix_Brochure-Redesign_Revert4-1.pdf,,Onix_Brochure-Redesign_Revert4-1.pdf,0,,ORPHANED,yes,original without dimension suffix
2021/03/Welcome-to-ONIX-Data-Centre.pdf,,Welcome-to-ONIX-Data-Centre.pdf,0,,ORPHANED,yes,original without dimension suffix
2021/03/a-cheerful-handsome-bald-black-businessman-in-eyeglasses-and-neat-beard-is-having-a-coffee-break-in_t20_YEbE8j.jpg,,a-cheerful-handsome-bald-black-businessman-in-eyeglasses-and-neat-beard-is-having-a-coffee-break-in_t20_YEbE8j.jpg,24,,ORPHANED,yes,original without dimension suffix
2021/03/millennial-black-man-wear-red-hat-using-headphones-remotely-online-work-in-cafe-makes-notes_t20_xXQj3X.jpg,,millennial-black-man-wear-red-hat-using-headphones-remotely-online-work-in-cafe-makes-notes_t20_xXQj3X.jpg,24,,ORPHANED,yes,original without dimension suffix
2021/03/unnamed-1.png,3885,unnamed-1.png,20,,POSSIBLY_REQUIRED,yes,original without dimension suffix
2021/03/unnamed.png,3884,unnamed.png,20,article_featured_image,REQUIRED,yes,original without dimension suffix
2021/04/Africa-Data-image-1.jpg,3976,Africa-Data-image-1.jpg,19,article_featured_image,REQUIRED,yes,original without dimension suffix
2021/06/unnamed-1.jpeg,4012,unnamed-1.jpeg,9,article_inline,REQUIRED,yes,original without dimension suffix
2021/06/unnamed-2.jpeg,4013,unnamed-2.jpeg,20,article_inline,REQUIRED,yes,original without dimension suffix
2021/09/Screenshot-2021-09-21-at-22.10.35.png,4024,Screenshot-2021-09-21-at-22.10.35.png,22,article_inline,REQUIRED,yes,original without dimension suffix
2021/09/pexels-red-zeppelin-4148472.jpg,,pexels-red-zeppelin-4148472.jpg,27,,ORPHANED,yes,original without dimension suffix
2021/09/pexels-red-zeppelin-4148472-scaled-1.jpg,4030,pexels-red-zeppelin-4148472-scaled-1.jpg,6,article_featured_image,REQUIRED,yes,original without dimension suffix
2021/10/AIIM.png,799,AIIM.png,3,,POSSIBLY_REQUIRED,yes,original without dimension suffix
2021/10/AIIM-e1651824092891.png,,AIIM-e1651824092891.png,0,,ORPHANED,yes,original without dimension suffix
2021/10/AIIM-e1651824136624.png,455,AIIM-e1651824136624.png,0,,POSSIBLY_REQUIRED,yes,original without dimension suffix
2021/10/AdobeStock_341274506_Preview-1.jpeg,49,AdobeStock_341274506_Preview-1.jpeg,3,,POSSIBLY_REQUIRED,yes,original without dimension suffix
2021/10/AdobeStock_341274506_Preview.jpeg,13,AdobeStock_341274506_Preview.jpeg,3,,POSSIBLY_REQUIRED,yes,original without dimension suffix
2021/10/CKR.jpeg,454,CKR.jpeg,1,,POSSIBLY_REQUIRED,yes,original without dimension suffix
2021/10/DAIKIN.jpeg,453,DAIKIN.jpeg,1,,POSSIBLY_REQUIRED,yes,original without dimension suffix
2021/10/EATON.jpeg,452,EATON.jpeg,1,,POSSIBLY_REQUIRED,yes,original without dimension suffix
2021/10/KOHLER.jpeg,450,KOHLER.jpeg,1,,POSSIBLY_REQUIRED,yes,original without dimension suffix
2021/10/ONIX-logo-png.png,4692,ONIX-logo-png.png,0,,POSSIBLY_REQUIRED,yes,original without dimension suffix
2021/10/SIEMENS.jpg,449,SIEMENS.jpg,1,,POSSIBLY_REQUIRED,yes,original without dimension suffix
2021/10/Schneider.jpeg,451,Schneider.jpeg,1,,POSSIBLY_REQUIRED,yes,original without dimension suffix
2021/10/Uptime.jpeg,457,Uptime.jpeg,1,,POSSIBLY_REQUIRED,yes,original without dimension suffix
2021/10/Vertiv.jpeg,456,Vertiv.jpeg,1,,POSSIBLY_REQUIRED,yes,original without dimension suffix
2021/10/austin-johnson-275715-unsplash.jpg,651,austin-johnson-275715-unsplash.jpg,4,,POSSIBLY_REQUIRED,yes,original without dimension suffix
2021/10/business-black-office-businessman-man-laptop-coach-coaching-entrepreneur_t20_PJ2ZX7.jpg,156,business-black-office-businessman-man-laptop-coach-coaching-entrepreneur_t20_PJ2ZX7.jpg,7,,POSSIBLY_REQUIRED,yes,original without dimension suffix
2021/10/cropped-cropped-onix-logo.png,20,cropped-cropped-onix-logo.png,6,,POSSIBLY_REQUIRED,yes,original without dimension suffix
2021/10/cropped-onix-logo.png,19,cropped-onix-logo.png,7,,POSSIBLY_REQUIRED,yes,original without dimension suffix
2021/10/dark-17604_1920.jpg,699,dark-17604_1920.jpg,5,,POSSIBLY_REQUIRED,yes,original without dimension suffix
2021/10/data-center-server-cloud-technology-network-business-digital-system-line-database-service-security_t20_E0e9P4.jpg,313,data-center-server-cloud-technology-network-business-digital-system-line-database-service-security_t20_E0e9P4.jpg,7,,POSSIBLY_REQUIRED,yes,original without dimension suffix
2021/10/ellyot-623921-unsplash.jpg,671,ellyot-623921-unsplash.jpg,6,,POSSIBLY_REQUIRED,yes,original without dimension suffix
2021/10/ellyot-623926-unsplash.jpg,674,ellyot-623926-unsplash.jpg,6,,POSSIBLY_REQUIRED,yes,original without dimension suffix
2021/10/fabian-moller-401639-unsplash.jpg,680,fabian-moller-401639-unsplash.jpg,5,,POSSIBLY_REQUIRED,yes,original without dimension suffix
2021/10/giano-currie-268947-unsplash.jpg,679,giano-currie-268947-unsplash.jpg,5,,POSSIBLY_REQUIRED,yes,original without dimension suffix
2021/10/image-removebg-preview-2.png,333,image-removebg-preview-2.png,2,,POSSIBLY_REQUIRED,yes,original without dimension suffix
2021/10/kermen-tutkunova-5771762unsplash.jpg,688,kermen-tutkunova-5771762unsplash.jpg,3,page_inline,REQUIRED,yes,original without dimension suffix
2021/10/man-crazy-funny-dude-45882.jpeg,687,man-crazy-funny-dude-45882.jpeg,4,,POSSIBLY_REQUIRED,yes,original without dimension suffix
2021/10/matheus-ferrero-216385.jpg,678,matheus-ferrero-216385.jpg,5,,POSSIBLY_REQUIRED,yes,original without dimension suffix
2021/10/modern-essentials-1064966-unsplash.jpg,535,modern-essentials-1064966-unsplash.jpg,5,,POSSIBLY_REQUIRED,yes,original without dimension suffix
2021/10/modern-essentials-792821-unsplash.jpg,534,modern-essentials-792821-unsplash.jpg,5,,POSSIBLY_REQUIRED,yes,original without dimension suffix
2021/10/modern-essentials-798265-unsplash.jpg,533,modern-essentials-798265-unsplash.jpg,4,,POSSIBLY_REQUIRED,yes,original without dimension suffix
2021/10/nasa-63032-unsplash.jpg,673,nasa-63032-unsplash.jpg,6,,POSSIBLY_REQUIRED,yes,original without dimension suffix
2021/10/oladimeji-odunsi-367505-unsplash.jpg,681,oladimeji-odunsi-367505-unsplash.jpg,5,,POSSIBLY_REQUIRED,yes,original without dimension suffix
2021/10/onix-logo.png,18,onix-logo.png,6,,POSSIBLY_REQUIRED,yes,original without dimension suffix
2021/10/onix_red.png,236,onix_red.png,6,,POSSIBLY_REQUIRED,yes,original without dimension suffix
2021/10/pexels-amir-seilsepour-4383577-scaled-1.jpg,698,pexels-amir-seilsepour-4383577-scaled-1.jpg,6,,POSSIBLY_REQUIRED,yes,original without dimension suffix
2021/10/pexels-cristian-jako-4673599.jpg,695,pexels-cristian-jako-4673599.jpg,5,,POSSIBLY_REQUIRED,yes,original without dimension suffix
2021/10/pexels-photo-1037915.jpeg,686,pexels-photo-1037915.jpeg,4,,POSSIBLY_REQUIRED,yes,original without dimension suffix
2021/10/pexels-toni-friedemann-5233511-scaled-1.jpg,697,pexels-toni-friedemann-5233511-scaled-1.jpg,6,,POSSIBLY_REQUIRED,yes,original without dimension suffix
2021/10/placeholder-1-1.png,672,placeholder-1-1.png,4,,POSSIBLY_REQUIRED,yes,original without dimension suffix
2021/10/placeholder-1.png,664,placeholder-1.png,4,,POSSIBLY_REQUIRED,yes,original without dimension suffix
2021/10/placeholder.png,653,placeholder.png,4,,POSSIBLY_REQUIRED,yes,original without dimension suffix
2021/10/placeholder-2.png,665,placeholder-2.png,4,,POSSIBLY_REQUIRED,yes,original without dimension suffix
2021/10/placeholder-3.png,666,placeholder-3.png,4,,POSSIBLY_REQUIRED,yes,original without dimension suffix
2021/10/placeholder-4.png,667,placeholder-4.png,4,,POSSIBLY_REQUIRED,yes,original without dimension suffix
2021/10/placeholder-5.png,689,placeholder-5.png,4,,POSSIBLY_REQUIRED,yes,original without dimension suffix
2021/10/placeholder-6.png,690,placeholder-6.png,4,,POSSIBLY_REQUIRED,yes,original without dimension suffix
2021/10/placeholder-7.png,691,placeholder-7.png,4,,POSSIBLY_REQUIRED,yes,original without dimension suffix
2021/10/pumpkin-1838545_1920.jpg,696,pumpkin-1838545_1920.jpg,5,,POSSIBLY_REQUIRED,yes,original without dimension suffix
2021/10/zz-teammember-1.jpg,655,zz-teammember-1.jpg,4,,POSSIBLY_REQUIRED,yes,original without dimension suffix
2021/10/zz-teammember.jpg,652,zz-teammember.jpg,4,,POSSIBLY_REQUIRED,yes,original without dimension suffix
2021/10/zz-teammember2-1.jpg,657,zz-teammember2-1.jpg,4,,POSSIBLY_REQUIRED,yes,original without dimension suffix
2021/10/zz-teammember2.jpg,654,zz-teammember2.jpg,4,,POSSIBLY_REQUIRED,yes,original without dimension suffix
2021/10/zz-teammember3-1.jpg,660,zz-teammember3-1.jpg,4,,POSSIBLY_REQUIRED,yes,original without dimension suffix
2021/10/zz-teammember3.jpg,658,zz-teammember3.jpg,4,,POSSIBLY_REQUIRED,yes,original without dimension suffix
2021/10/zz-teammember4-1.jpg,659,zz-teammember4-1.jpg,4,,POSSIBLY_REQUIRED,yes,original without dimension suffix
2021/10/zz-teammember4.jpg,656,zz-teammember4.jpg,4,,POSSIBLY_REQUIRED,yes,original without dimension suffix
2021/11/AIIM.png,799,AIIM.png,2,,POSSIBLY_REQUIRED,yes,original without dimension suffix
2021/11/LINX_Accra_Logo_Colour_White1.png,9644,LINX_Accra_Logo_Colour_White1.png,0,,POSSIBLY_REQUIRED,yes,original without dimension suffix
2021/11/Linx-at-onix.png,9646,Linx-at-onix.png,0,,POSSIBLY_REQUIRED,yes,original without dimension suffix
2021/11/Linx-hero-header-image.png,9643,Linx-hero-header-image.png,0,,POSSIBLY_REQUIRED,yes,original without dimension suffix
2021/11/Screenshot-2021-11-15-at-13.55.02.png,4154,Screenshot-2021-11-15-at-13.55.02.png,2,page_inline,REQUIRED,yes,original without dimension suffix
2021/11/Screenshot-2021-11-15-at-13.55.36.png,4155,Screenshot-2021-11-15-at-13.55.36.png,2,,POSSIBLY_REQUIRED,yes,original without dimension suffix
2021/11/Screenshot-2021-11-15-at-13.56.00.png,4156,Screenshot-2021-11-15-at-13.56.00.png,2,page_inline,REQUIRED,yes,original without dimension suffix
2021/12/IMG_9482.jpg,4225,IMG_9482.jpg,7,,POSSIBLY_REQUIRED,yes,original without dimension suffix
2021/12/IMG_9501-1.jpg,4231,IMG_9501-1.jpg,7,,POSSIBLY_REQUIRED,yes,original without dimension suffix
2021/12/IMG_9501.jpg,4217,IMG_9501.jpg,7,,POSSIBLY_REQUIRED,yes,original without dimension suffix
2021/12/IMG_9660.jpg,4233,IMG_9660.jpg,7,,POSSIBLY_REQUIRED,yes,original without dimension suffix
2021/12/IMG_9718.jpg,4223,IMG_9718.jpg,7,,POSSIBLY_REQUIRED,yes,original without dimension suffix
2021/12/IMG_9754.jpg,4229,IMG_9754.jpg,7,,POSSIBLY_REQUIRED,yes,original without dimension suffix
2021/12/IMG_9788.jpg,4230,IMG_9788.jpg,7,,POSSIBLY_REQUIRED,yes,original without dimension suffix
2021/12/pexels-christina-morillo-1181354.jpg,4244,pexels-christina-morillo-1181354.jpg,7,,POSSIBLY_REQUIRED,yes,original without dimension suffix
2022/05/AIIM-1.png,4393,AIIM-1.png,8,,POSSIBLY_REQUIRED,yes,original without dimension suffix
2022/05/CKR-Logo-CMYK-clr-Christopher-Hayes.png,4392,CKR-Logo-CMYK-clr-Christopher-Hayes.png,21,,POSSIBLY_REQUIRED,yes,original without dimension suffix
2022/05/aim_new.jpg,4406,aim_new.jpg,16,page_inline,REQUIRED,yes,original without dimension suffix
2022/05/ckr-new.jpg,4407,ckr-new.jpg,16,page_inline,REQUIRED,yes,original without dimension suffix
2022/10/IMG_9806.jpg,4462,IMG_9806.jpg,18,,POSSIBLY_REQUIRED,yes,original without dimension suffix
2022/10/Onix-security.png,4468,Onix-security.png,18,,POSSIBLY_REQUIRED,yes,original without dimension suffix
2022/10/onix-dc-solar.jpg,4446,onix-dc-solar.jpg,17,,POSSIBLY_REQUIRED,yes,original without dimension suffix
2022/11/Onix-Team-at-Africa-Tech-Festival.jpeg,4501,Onix-Team-at-Africa-Tech-Festival.jpeg,20,article_featured_image,REQUIRED,yes,original without dimension suffix
2022/11/Onix-Team-on-Banner.jpeg,4522,Onix-Team-on-Banner.jpeg,19,article_featured_image,REQUIRED,yes,original without dimension suffix
2022/11/Onix-new-logo.png,4473,Onix-new-logo.png,12,,POSSIBLY_REQUIRED,yes,original without dimension suffix
2022/11/Onix_white_logo.png,4488,Onix_white_logo.png,8,page_inline,REQUIRED,yes,original without dimension suffix
2022/11/Privacy-Policy.zip,4481,Privacy-Policy.zip,0,,POSSIBLY_REQUIRED,yes,original without dimension suffix
2022/11/africom.jpeg,4498,africom.jpeg,19,,POSSIBLY_REQUIRED,yes,original without dimension suffix
2022/11/cropped-Onix-new-logo.png,4539,cropped-Onix-new-logo.png,13,,POSSIBLY_REQUIRED,yes,original without dimension suffix
2022/11/liquid-onix.jpeg,4499,liquid-onix.jpeg,19,,POSSIBLY_REQUIRED,yes,original without dimension suffix
2022/11/onix-africa-tech.jpeg,4500,onix-africa-tech.jpeg,17,,POSSIBLY_REQUIRED,yes,original without dimension suffix
2022/12/Ghana-flag.png,4911,Ghana-flag.png,18,,POSSIBLY_REQUIRED,yes,original without dimension suffix
2022/12/Image-Testemonials.jpeg,4555,Image-Testemonials.jpeg,0,,POSSIBLY_REQUIRED,yes,original without dimension suffix
2022/12/Image_Placeholder-about.jpeg,4554,Image_Placeholder-about.jpeg,10,,POSSIBLY_REQUIRED,yes,original without dimension suffix
2022/12/Image_Placeholder_Hero.jpeg,4553,Image_Placeholder_Hero.jpeg,18,,POSSIBLY_REQUIRED,yes,original without dimension suffix
2022/12/ONIX-icon.png,4900,ONIX-icon.png,21,,POSSIBLY_REQUIRED,yes,original without dimension suffix
2022/12/ONIX-icon-red.png,4903,ONIX-icon-red.png,21,,POSSIBLY_REQUIRED,yes,original without dimension suffix
2022/12/ONIX-logo-png.png,4692,ONIX-logo-png.png,21,,POSSIBLY_REQUIRED,yes,original without dimension suffix
2022/12/ONIX-logo-red.png,4896,ONIX-logo-red.png,21,,POSSIBLY_REQUIRED,yes,original without dimension suffix
2022/12/ONIX-logo-white.png,4894,ONIX-logo-white.png,22,,POSSIBLY_REQUIRED,yes,original without dimension suffix
2022/12/Senegal-flag.png,4912,Senegal-flag.png,18,,POSSIBLY_REQUIRED,yes,original without dimension suffix
2022/12/Woman-at-a-data-center.jpg,4671,Woman-at-a-data-center.jpg,22,,POSSIBLY_REQUIRED,yes,original without dimension suffix
2022/12/Woman-using-laptop-at-the-data-center.png,4670,Woman-using-laptop-at-the-data-center.png,21,,POSSIBLY_REQUIRED,yes,original without dimension suffix
2022/12/aaron-burden-25846-unsplash.jpg,4804,aaron-burden-25846-unsplash.jpg,18,,POSSIBLY_REQUIRED,yes,original without dimension suffix
2022/12/ava1.png,4726,ava1.png,6,,POSSIBLY_REQUIRED,yes,original without dimension suffix
2022/12/business-partners-shaking-hands-agreement.jpg,4875,business-partners-shaking-hands-agreement.jpg,22,,POSSIBLY_REQUIRED,yes,original without dimension suffix
2022/12/cropped-ONIX-icon.png,4901,cropped-ONIX-icon.png,13,,POSSIBLY_REQUIRED,yes,original without dimension suffix
2022/12/cropped-ONIX-icon-red.png,4904,cropped-ONIX-icon-red.png,13,,POSSIBLY_REQUIRED,yes,original without dimension suffix
2022/12/cropped-ONIX-logo-red.png,4905,cropped-ONIX-logo-red.png,21,,POSSIBLY_REQUIRED,yes,original without dimension suffix
2022/12/halanna-halila-557324-unsplash.jpg,4797,halanna-halila-557324-unsplash.jpg,19,,POSSIBLY_REQUIRED,yes,original without dimension suffix
2022/12/hector-martinez-110928-unsplash.jpg,4859,hector-martinez-110928-unsplash.jpg,20,,POSSIBLY_REQUIRED,yes,original without dimension suffix
2022/12/jason-blackeye-262295-unsplash.jpg,4719,jason-blackeye-262295-unsplash.jpg,19,,POSSIBLY_REQUIRED,yes,original without dimension suffix
2022/12/kane-reinholdtsen-188778-unsplash.jpg,4803,kane-reinholdtsen-188778-unsplash.jpg,17,,POSSIBLY_REQUIRED,yes,original without dimension suffix
2022/12/linebgoverlay.png,4795,linebgoverlay.png,18,,POSSIBLY_REQUIRED,yes,original without dimension suffix
2022/12/onix-iso-certification-image.jpeg,,onix-iso-certification-image.jpeg,15,,ORPHANED,yes,original without dimension suffix
2022/12/onix-iso-certification-image-e1671529932223.jpeg,4549,onix-iso-certification-image-e1671529932223.jpeg,11,article_featured_image,REQUIRED,yes,original without dimension suffix
2022/12/pexels-brett-sayles-4508751.jpg,4664,pexels-brett-sayles-4508751.jpg,21,,POSSIBLY_REQUIRED,yes,original without dimension suffix
2022/12/pexels-brett-sayles-5203849.jpg,4679,pexels-brett-sayles-5203849.jpg,22,,POSSIBLY_REQUIRED,yes,original without dimension suffix
2022/12/pexels-christina-morillo-1181354.jpg,4244,pexels-christina-morillo-1181354.jpg,21,,POSSIBLY_REQUIRED,yes,original without dimension suffix
2022/12/pexels-photo-1103970.jpeg,4792,pexels-photo-1103970.jpeg,19,,POSSIBLY_REQUIRED,yes,original without dimension suffix
2022/12/pexels-photo-667205.jpeg,4802,pexels-photo-667205.jpeg,20,,POSSIBLY_REQUIRED,yes,original without dimension suffix
2022/12/pexels-rene-asmussen-13821206.jpg,4681,pexels-rene-asmussen-13821206.jpg,22,,POSSIBLY_REQUIRED,yes,original without dimension suffix
2022/12/rawpixel-557123-unsplash.jpg,4720,rawpixel-557123-unsplash.jpg,19,,POSSIBLY_REQUIRED,yes,original without dimension suffix
2022/12/rawpixel-558597-unsplash.jpg,4705,rawpixel-558597-unsplash.jpg,19,,POSSIBLY_REQUIRED,yes,original without dimension suffix
2022/12/rawpixel-604751-unsplash.jpg,4798,rawpixel-604751-unsplash.jpg,17,,POSSIBLY_REQUIRED,yes,original without dimension suffix
2022/12/rawpixel-653764-unsplash.jpg,4715,rawpixel-653764-unsplash.jpg,17,,POSSIBLY_REQUIRED,yes,original without dimension suffix
2022/12/rawpixel-693037-unsplash.jpg,4848,rawpixel-693037-unsplash.jpg,21,,POSSIBLY_REQUIRED,yes,original without dimension suffix
2022/12/rawpixel-752537-unsplash-1.jpg,4780,rawpixel-752537-unsplash-1.jpg,18,,POSSIBLY_REQUIRED,yes,original without dimension suffix
2022/12/rawpixel-799380-unsplash.jpg,4706,rawpixel-799380-unsplash.jpg,19,,POSSIBLY_REQUIRED,yes,original without dimension suffix
2022/12/sharon-mccutcheon-571408-unsplash.jpg,4796,sharon-mccutcheon-571408-unsplash.jpg,19,,POSSIBLY_REQUIRED,yes,original without dimension suffix
2022/12/torres-del-paine-mountains-granite-granite-rock-57456.jpeg,4791,torres-del-paine-mountains-granite-granite-rock-57456.jpeg,20,,POSSIBLY_REQUIRED,yes,original without dimension suffix
2022/12/y11.png,4727,y11.png,6,,POSSIBLY_REQUIRED,yes,original without dimension suffix
2023/01/ONIX-DATA-CENTER-KEELSON-STUDIOS-17.jpg,5265,ONIX-DATA-CENTER-KEELSON-STUDIOS-17.jpg,22,,POSSIBLY_REQUIRED,yes,original without dimension suffix
2023/01/ONIX-DATA-CENTER-KEELSON-STUDIOS-2.jpg,5240,ONIX-DATA-CENTER-KEELSON-STUDIOS-2.jpg,21,article_inline,REQUIRED,yes,original without dimension suffix
2023/01/ONIX-DATA-CENTER-KEELSON-STUDIOS-2.png,5233,ONIX-DATA-CENTER-KEELSON-STUDIOS-2.png,20,,POSSIBLY_REQUIRED,yes,original without dimension suffix
2023/01/ONIX-DATA-CENTER-KEELSON-STUDIOS-3.jpg,5289,ONIX-DATA-CENTER-KEELSON-STUDIOS-3.jpg,21,,POSSIBLY_REQUIRED,yes,original without dimension suffix
2023/01/ONIX-DATA-CENTER-KEELSON-STUDIOS-40.jpg,5237,ONIX-DATA-CENTER-KEELSON-STUDIOS-40.jpg,21,,POSSIBLY_REQUIRED,yes,original without dimension suffix
2023/01/ONIX-DATA-CENTER-KEELSON-STUDIOS-42.jpg,5241,ONIX-DATA-CENTER-KEELSON-STUDIOS-42.jpg,21,,POSSIBLY_REQUIRED,yes,original without dimension suffix
2023/01/ONIX-DATA-CENTER-KEELSON-STUDIOS-43.jpg,5242,ONIX-DATA-CENTER-KEELSON-STUDIOS-43.jpg,21,,POSSIBLY_REQUIRED,yes,original without dimension suffix
2023/01/ONIX-DATA-CENTER-KEELSON-STUDIOS-5.jpg,5230,ONIX-DATA-CENTER-KEELSON-STUDIOS-5.jpg,21,,POSSIBLY_REQUIRED,yes,original without dimension suffix
2023/01/ONIX-DATA-CENTER-KEELSON-STUDIOS-51.jpg,5250,ONIX-DATA-CENTER-KEELSON-STUDIOS-51.jpg,21,,POSSIBLY_REQUIRED,yes,original without dimension suffix
2023/01/ONIX-DATA-CENTER-KEELSON-STUDIOS-62.jpg,5239,ONIX-DATA-CENTER-KEELSON-STUDIOS-62.jpg,21,,POSSIBLY_REQUIRED,yes,original without dimension suffix
2023/01/ONIX-DATA-CENTER-KEELSON-STUDIOS-75.jpg,5278,ONIX-DATA-CENTER-KEELSON-STUDIOS-75.jpg,21,,POSSIBLY_REQUIRED,yes,original without dimension suffix
2023/01/ONIX-DATA-CENTER-KEELSON-STUDIOS-83.jpg,5243,ONIX-DATA-CENTER-KEELSON-STUDIOS-83.jpg,21,,POSSIBLY_REQUIRED,yes,original without dimension suffix
2023/01/ONIX-DATA-CENTER-KEELSON-STUDIOS-9.jpg,5290,ONIX-DATA-CENTER-KEELSON-STUDIOS-9.jpg,22,,POSSIBLY_REQUIRED,yes,original without dimension suffix
2023/01/ava2.png,5003,ava2.png,6,,POSSIBLY_REQUIRED,yes,original without dimension suffix
2023/01/ava4.png,5005,ava4.png,6,,POSSIBLY_REQUIRED,yes,original without dimension suffix
2023/01/dot.png,5156,dot.png,0,,POSSIBLY_REQUIRED,yes,original without dimension suffix
2023/01/lee-miller-47629-unsplash.jpg,5155,lee-miller-47629-unsplash.jpg,20,,POSSIBLY_REQUIRED,yes,original without dimension suffix
2023/01/lion-animal-nature-predator-40835.jpeg,5157,lion-animal-nature-predator-40835.jpeg,5,,POSSIBLY_REQUIRED,yes,original without dimension suffix
2023/02/A7R9115.jpg,5679,A7R9115.jpg,21,article_featured_image,REQUIRED,yes,original without dimension suffix
2023/02/DSC06268.jpg,5680,DSC06268.jpg,21,,POSSIBLY_REQUIRED,yes,original without dimension suffix
2023/02/DSC06855.jpg,5681,DSC06855.jpg,21,,POSSIBLY_REQUIRED,yes,original without dimension suffix
2023/02/ONIX-DATA-CENTER-KEELSON-STUDIOS-68.jpg,5425,ONIX-DATA-CENTER-KEELSON-STUDIOS-68.jpg,21,,POSSIBLY_REQUIRED,yes,original without dimension suffix
2023/02/WhatsApp-Image-2023-02-16-at-23.36.54.jpeg,5625,WhatsApp-Image-2023-02-16-at-23.36.54.jpeg,17,article_featured_image,REQUIRED,yes,original without dimension suffix
2023/02/team-1.jpg,5384,team-1.jpg,6,,POSSIBLY_REQUIRED,yes,original without dimension suffix
2023/02/team-2.jpg,5388,team-2.jpg,6,,POSSIBLY_REQUIRED,yes,original without dimension suffix
2023/02/team-3.jpg,5386,team-3.jpg,9,,POSSIBLY_REQUIRED,yes,original without dimension suffix
2023/02/team-4.jpg,5385,team-4.jpg,9,,POSSIBLY_REQUIRED,yes,original without dimension suffix
2023/02/team-5.jpg,5387,team-5.jpg,6,,POSSIBLY_REQUIRED,yes,original without dimension suffix
2023/03/20230213_183339.jpg,5940,20230213_183339.jpg,22,article_featured_image,REQUIRED,yes,original without dimension suffix
2023/03/CCDOC.png,5774,CCDOC.png,8,,POSSIBLY_REQUIRED,yes,original without dimension suffix
2023/03/DSC06633.jpg,5939,DSC06633.jpg,21,,POSSIBLY_REQUIRED,yes,original without dimension suffix
2023/03/Diesel-electric.png,5775,Diesel-electric.png,8,,POSSIBLY_REQUIRED,yes,original without dimension suffix
2023/03/ISO-9001.png,5766,ISO-9001.png,9,,POSSIBLY_REQUIRED,yes,original without dimension suffix
2023/03/ISO-IEC-27001.png,5767,ISO-IEC-27001.png,9,,POSSIBLY_REQUIRED,yes,original without dimension suffix
2023/03/Infoprive.png,5776,Infoprive.png,8,,POSSIBLY_REQUIRED,yes,original without dimension suffix
2023/03/LEGRAND.png,5778,LEGRAND.png,8,,POSSIBLY_REQUIRED,yes,original without dimension suffix
2023/03/La-Colomb.png,5777,La-Colomb.png,8,,POSSIBLY_REQUIRED,yes,original without dimension suffix
2023/03/Minkels.png,5779,Minkels.png,8,,POSSIBLY_REQUIRED,yes,original without dimension suffix
2023/03/ONIX-DATA-CENTER-KEELSON-STUDIOS-2.jpg,5240,ONIX-DATA-CENTER-KEELSON-STUDIOS-2.jpg,21,article_inline,REQUIRED,yes,original without dimension suffix
2023/03/ONIX-DATA-CENTER-KEELSON-STUDIOS-59.jpg,5697,ONIX-DATA-CENTER-KEELSON-STUDIOS-59.jpg,21,,POSSIBLY_REQUIRED,yes,original without dimension suffix
2023/03/ONIX-DATA-CENTER-KEELSON-STUDIOS-61.jpg,5870,ONIX-DATA-CENTER-KEELSON-STUDIOS-61.jpg,21,,POSSIBLY_REQUIRED,yes,original without dimension suffix
2023/03/ONIX-DATA-CENTER-KEELSON-STUDIOS-62.jpg,5239,ONIX-DATA-CENTER-KEELSON-STUDIOS-62.jpg,21,,POSSIBLY_REQUIRED,yes,original without dimension suffix
2023/03/ONIX-DATA-CENTER-KEELSON-STUDIOS-71.jpg,5695,ONIX-DATA-CENTER-KEELSON-STUDIOS-71.jpg,22,,POSSIBLY_REQUIRED,yes,original without dimension suffix
2023/03/PCI-DSS.png,5768,PCI-DSS.png,9,,POSSIBLY_REQUIRED,yes,original without dimension suffix
2023/03/Tier-IV-facility.png,5769,Tier-IV-facility.png,9,,POSSIBLY_REQUIRED,yes,original without dimension suffix
2023/03/rawpixel-797131-unsplash.jpg,5793,rawpixel-797131-unsplash.jpg,17,,POSSIBLY_REQUIRED,yes,original without dimension suffix
2023/04/ONIX-DATA-3.jpg,5960,ONIX-DATA-3.jpg,17,article_featured_image,REQUIRED,yes,original without dimension suffix
2023/04/ONIX-DATA-CENTER-KEELSON-STUDIOS-62.jpg,5239,ONIX-DATA-CENTER-KEELSON-STUDIOS-62.jpg,21,,POSSIBLY_REQUIRED,yes,original without dimension suffix
2023/04/WhatsApp-Image-2023-04-18-at-20.22.41.jpeg,5957,WhatsApp-Image-2023-04-18-at-20.22.41.jpeg,17,,POSSIBLY_REQUIRED,yes,original without dimension suffix
2023/04/WhatsApp-Image-2023-04-19-at-10.44.41.jpeg,5959,WhatsApp-Image-2023-04-19-at-10.44.41.jpeg,15,,POSSIBLY_REQUIRED,yes,original without dimension suffix
2023/05/CO2.svg,6248,CO2.svg,0,,POSSIBLY_REQUIRED,yes,original without dimension suffix
2023/05/Cybersecurity-Act-2020-Act-1038-pdf.jpg,,Cybersecurity-Act-2020-Act-1038-pdf.jpg,3,,ORPHANED,yes,original without dimension suffix
2023/05/Cybersecurity-Act-2020-Act-1038.pdf,6215,Cybersecurity-Act-2020-Act-1038.pdf,0,,POSSIBLY_REQUIRED,yes,original without dimension suffix
2023/05/Edem-Scott.jpg,6124,Edem-Scott.jpg,7,page_inline,REQUIRED,yes,original without dimension suffix
2023/05/Growing-plant.svg,6249,Growing-plant.svg,0,,POSSIBLY_REQUIRED,yes,original without dimension suffix
2023/05/Kevin-Opata.jpg,6125,Kevin-Opata.jpg,7,page_inline,REQUIRED,yes,original without dimension suffix
2023/05/Michael-Thompson.jpg,6126,Michael-Thompson.jpg,7,page_inline,REQUIRED,yes,original without dimension suffix
2023/05/ONIX-DATA-CENTER-KEELSON-STUDIOS-36.jpg,6077,ONIX-DATA-CENTER-KEELSON-STUDIOS-36.jpg,22,,POSSIBLY_REQUIRED,yes,original without dimension suffix
2023/05/ONIX-DATA-CENTER-KEELSON-STUDIOS-57.jpg,6078,ONIX-DATA-CENTER-KEELSON-STUDIOS-57.jpg,21,,POSSIBLY_REQUIRED,yes,original without dimension suffix
2023/05/ONIX-DATA-CENTER-KEELSON-STUDIOS-58.jpg,6079,ONIX-DATA-CENTER-KEELSON-STUDIOS-58.jpg,21,,POSSIBLY_REQUIRED,yes,original without dimension suffix
2023/05/ONIX-DATA-CENTER-KEELSON-STUDIOS-59.jpg,5697,ONIX-DATA-CENTER-KEELSON-STUDIOS-59.jpg,21,,POSSIBLY_REQUIRED,yes,original without dimension suffix
2023/05/ONIX-DATA-CENTER-KEELSON-STUDIOS-62.jpg,5239,ONIX-DATA-CENTER-KEELSON-STUDIOS-62.jpg,21,,POSSIBLY_REQUIRED,yes,original without dimension suffix
2023/05/ONIX-DATA-CENTER-KEELSON-STUDIOS-77.jpg,5966,ONIX-DATA-CENTER-KEELSON-STUDIOS-77.jpg,22,,POSSIBLY_REQUIRED,yes,original without dimension suffix
2023/05/ONIX-DATA-CENTER-KEELSON-STUDIOS-88.jpg,5968,ONIX-DATA-CENTER-KEELSON-STUDIOS-88.jpg,21,,POSSIBLY_REQUIRED,yes,original without dimension suffix
2023/05/ONIX-fire-suppression-system-copy-1.jpg,6199,ONIX-fire-suppression-system-copy-1.jpg,17,article_featured_image,REQUIRED,yes,original without dimension suffix
2023/05/ONIXDC-ISMS-A1801-Legal-Responsibilities-Policy-pdf.jpg,,ONIXDC-ISMS-A1801-Legal-Responsibilities-Policy-pdf.jpg,3,,ORPHANED,yes,original without dimension suffix
2023/05/ONIXDC-ISMS-A1801-Legal-Responsibilities-Policy.pdf,6217,ONIXDC-ISMS-A1801-Legal-Responsibilities-Policy.pdf,0,,POSSIBLY_REQUIRED,yes,original without dimension suffix
2023/05/Reverse-osmosis.svg,6250,Reverse-osmosis.svg,0,,POSSIBLY_REQUIRED,yes,original without dimension suffix
2023/05/Serwaah-Kankam.jpg,6127,Serwaah-Kankam.jpg,7,page_inline,REQUIRED,yes,original without dimension suffix
2023/05/Stephen-Appiah-Fordjou.jpg,6128,Stephen-Appiah-Fordjou.jpg,7,page_inline,REQUIRED,yes,original without dimension suffix
2023/05/The-Regulation-of-Investigatory-Powers-Act-2000-pdf.jpg,,The-Regulation-of-Investigatory-Powers-Act-2000-pdf.jpg,3,,ORPHANED,yes,original without dimension suffix
2023/05/The-Regulation-of-Investigatory-Powers-Act-2000.pdf,6219,The-Regulation-of-Investigatory-Powers-Act-2000.pdf,0,,POSSIBLY_REQUIRED,yes,original without dimension suffix
2023/05/WhatsApp-Image-2023-05-11-at-10.06.02.jpeg,6066,WhatsApp-Image-2023-05-11-at-10.06.02.jpeg,20,article_featured_image,REQUIRED,yes,original without dimension suffix
2023/05/aaaaa.png,6168,aaaaa.png,7,,POSSIBLY_REQUIRED,yes,original without dimension suffix
2023/05/data-protection-act-2012-act-843-pdf.jpg,,data-protection-act-2012-act-843-pdf.jpg,3,,ORPHANED,yes,original without dimension suffix
2023/05/data-protection-act-2012-act-843.pdf,6216,data-protection-act-2012-act-843.pdf,0,,POSSIBLY_REQUIRED,yes,original without dimension suffix
2023/05/head51.jpg,6076,head51.jpg,20,,POSSIBLY_REQUIRED,yes,original without dimension suffix
2023/05/image0.jpeg,5972,image0.jpeg,17,article_featured_image,REQUIRED,yes,original without dimension suffix
2023/05/james-gillespie-714755-unsplash.jpg,6073,james-gillespie-714755-unsplash.jpg,20,,POSSIBLY_REQUIRED,yes,original without dimension suffix
2023/05/shield.png,6207,shield.png,20,,POSSIBLY_REQUIRED,yes,original without dimension suffix
2023/06/ONIX-DATA-CENTER-KEELSON-STUDIOS-6.jpg,6392,ONIX-DATA-CENTER-KEELSON-STUDIOS-6.jpg,22,,POSSIBLY_REQUIRED,yes,original without dimension suffix
2023/06/Onix-Backup-Power-solutions.jpg,6390,Onix-Backup-Power-solutions.jpg,17,article_featured_image,REQUIRED,yes,original without dimension suffix
2023/08/Africa-smart-city-3.png,6518,Africa-smart-city-3.png,0,article_featured_image,REQUIRED,yes,original without dimension suffix
2023/08/CO2-reduction.png,6475,CO2-reduction.png,0,,POSSIBLY_REQUIRED,yes,original without dimension suffix
2023/08/LeornardMcKinlay.jpg,6583,LeornardMcKinlay.jpg,0,page_inline,REQUIRED,yes,original without dimension suffix
2023/08/ONIX-Cooling-system.png,6477,ONIX-Cooling-system.png,0,,POSSIBLY_REQUIRED,yes,original without dimension suffix
2023/08/ONIX-DATA-CENTER-KEELSON-STUDIOS-36.jpg,6077,ONIX-DATA-CENTER-KEELSON-STUDIOS-36.jpg,0,,POSSIBLY_REQUIRED,yes,original without dimension suffix
2023/08/ONIX-blog-1.jpg,6450,ONIX-blog-1.jpg,0,,POSSIBLY_REQUIRED,yes,original without dimension suffix
2023/08/ONIX-blog-v2.jpg,6453,ONIX-blog-v2.jpg,0,article_featured_image,REQUIRED,yes,original without dimension suffix
2023/08/ONIX-sustainability.png,6478,ONIX-sustainability.png,0,,POSSIBLY_REQUIRED,yes,original without dimension suffix
2023/08/Waste-bin-2.png,6480,Waste-bin-2.png,0,,POSSIBLY_REQUIRED,yes,original without dimension suffix
2023/08/solar-power.png,6479,solar-power.png,0,,POSSIBLY_REQUIRED,yes,original without dimension suffix
2023/08/water.png,6481,water.png,0,,POSSIBLY_REQUIRED,yes,original without dimension suffix
2023/09/20230822_103752.jpg,6596,20230822_103752.jpg,0,,POSSIBLY_REQUIRED,yes,original without dimension suffix
2023/09/ONIX-DATA-CENTER-KEELSON-STUDIOS-65.jpg,6604,ONIX-DATA-CENTER-KEELSON-STUDIOS-65.jpg,0,,POSSIBLY_REQUIRED,yes,original without dimension suffix
2023/09/ONIX-blog-image-sept12.png,6594,ONIX-blog-image-sept12.png,0,article_featured_image,REQUIRED,yes,original without dimension suffix
2023/09/Onix-blog-image-26-09.png,6605,Onix-blog-image-26-09.png,0,article_featured_image,REQUIRED,yes,original without dimension suffix
2023/09/image.jpeg,6597,image.jpeg,0,article_inline,REQUIRED,yes,original without dimension suffix
2023/10/Bara-Awa-Fall.jpeg,6769,Bara-Awa-Fall.jpeg,0,page_inline,REQUIRED,yes,original without dimension suffix
2023/10/Mamadou-KEBE.jpeg,6739,Mamadou-KEBE.jpeg,0,page_inline,REQUIRED,yes,original without dimension suffix
2023/10/ONIX-blog-image-03-10-a.jpg,6620,ONIX-blog-image-03-10-a.jpg,0,article_featured_image,REQUIRED,yes,original without dimension suffix
2023/10/ONIX-blog-image-oct-2.jpg,6781,ONIX-blog-image-oct-2.jpg,0,article_featured_image,REQUIRED,yes,original without dimension suffix
2023/10/Samuel-Polley.jpeg,6730,Samuel-Polley.jpeg,0,,POSSIBLY_REQUIRED,yes,original without dimension suffix
2023/10/healthcare-onix-2.png,6617,healthcare-onix-2.png,0,,POSSIBLY_REQUIRED,yes,original without dimension suffix
2023/11/1615925299725.jpeg,6839,1615925299725.jpeg,0,page_inline,REQUIRED,yes,original without dimension suffix
2023/11/20231107_124352.jpg,6825,20231107_124352.jpg,0,,POSSIBLY_REQUIRED,yes,original without dimension suffix
2023/11/20231107_150219.jpg,6810,20231107_150219.jpg,0,article_featured_image,REQUIRED,yes,original without dimension suffix
2023/11/20231107_152322.jpg,6824,20231107_152322.jpg,0,,POSSIBLY_REQUIRED,yes,original without dimension suffix
2023/11/BlueSPACE-Onix-Team-Onsite-visit-1.jpeg,6916,BlueSPACE-Onix-Team-Onsite-visit-1.jpeg,0,article_featured_image,REQUIRED,yes,original without dimension suffix
2023/11/Brett-Tucker.jpeg,6829,Brett-Tucker.jpeg,0,,POSSIBLY_REQUIRED,yes,original without dimension suffix
2023/11/DSC_1027.jpg,6814,DSC_1027.jpg,0,,POSSIBLY_REQUIRED,yes,original without dimension suffix
2023/11/DSC_1038.jpg,6815,DSC_1038.jpg,0,,POSSIBLY_REQUIRED,yes,original without dimension suffix
2023/11/DSC_1068.jpg,6817,DSC_1068.jpg,0,,POSSIBLY_REQUIRED,yes,original without dimension suffix
2023/11/DSC_1071.jpg,6818,DSC_1071.jpg,0,,POSSIBLY_REQUIRED,yes,original without dimension suffix
2023/11/DSC_1084.jpg,6808,DSC_1084.jpg,0,,POSSIBLY_REQUIRED,yes,original without dimension suffix
2023/11/Frame-1.png,6875,Frame-1.png,0,,POSSIBLY_REQUIRED,yes,original without dimension suffix
2023/11/Header-background.png,6873,Header-background.png,0,,POSSIBLY_REQUIRED,yes,original without dimension suffix
2023/11/IMS-Simplified.pdf,6790,IMS-Simplified.pdf,0,,POSSIBLY_REQUIRED,yes,original without dimension suffix
2023/11/OCGX3958.jpg,6819,OCGX3958.jpg,0,,POSSIBLY_REQUIRED,yes,original without dimension suffix
2023/11/OCGX4054.jpg,6820,OCGX4054.jpg,0,,POSSIBLY_REQUIRED,yes,original without dimension suffix
2023/11/cloud-storage-background-remixed-from-public-domain-by-nasa-Large.jpeg,6882,cloud-storage-background-remixed-from-public-domain-by-nasa-Large.jpeg,0,,POSSIBLY_REQUIRED,yes,original without dimension suffix
2023/11/cloud-storage-banner-background-Large.jpeg,6871,cloud-storage-banner-background-Large.jpeg,0,,POSSIBLY_REQUIRED,yes,original without dimension suffix
2023/11/standard-quality-control-collage-concept-Large.jpeg,6886,standard-quality-control-collage-concept-Large.jpeg,0,,POSSIBLY_REQUIRED,yes,original without dimension suffix
2023/12/20231212094516.png,6952,20231212094516.png,0,article_featured_image,REQUIRED,yes,original without dimension suffix
2023/12/20231212094823.png,6954,20231212094823.png,0,article_inline,REQUIRED,yes,original without dimension suffix
2024/01/ONIX-DATA-CENTER-KEELSON-STUDIOS-51.jpg,5250,ONIX-DATA-CENTER-KEELSON-STUDIOS-51.jpg,0,,POSSIBLY_REQUIRED,yes,original without dimension suffix
2024/01/ONIX-blog-image-Jan-16.png,6968,ONIX-blog-image-Jan-16.png,0,article_featured_image,REQUIRED,yes,original without dimension suffix
2024/01/ONIX-logo-press.png,6976,ONIX-logo-press.png,0,article_featured_image,REQUIRED,yes,original without dimension suffix
2024/02/Edem-Scott-image.jpg,7009,Edem-Scott-image.jpg,0,,POSSIBLY_REQUIRED,yes,original without dimension suffix
2024/02/Kevin-Opata.jpg,6125,Kevin-Opata.jpg,0,page_inline,REQUIRED,yes,original without dimension suffix
2024/02/Michael-Offei-Thompson.jpg,7005,Michael-Offei-Thompson.jpg,0,,POSSIBLY_REQUIRED,yes,original without dimension suffix
2024/02/ONIX-blog-image-20-feb.jpg,7052,ONIX-blog-image-20-feb.jpg,0,article_featured_image,REQUIRED,yes,original without dimension suffix
2024/02/Serwaa-Kankam-image.jpg,7010,Serwaa-Kankam-image.jpg,0,,POSSIBLY_REQUIRED,yes,original without dimension suffix
2024/02/Stephen-Appiah-Fordjour.jpg,7007,Stephen-Appiah-Fordjour.jpg,0,,POSSIBLY_REQUIRED,yes,original without dimension suffix
2024/02/Yen-Choi.jpg,7008,Yen-Choi.jpg,0,,POSSIBLY_REQUIRED,yes,original without dimension suffix
2024/03/Images-collage-2.png,7230,Images-collage-2.png,0,,POSSIBLY_REQUIRED,yes,original without dimension suffix
2024/03/ONIX-blog-image-18-03.png,7146,ONIX-blog-image-18-03.png,0,article_featured_image,REQUIRED,yes,original without dimension suffix
2024/03/ONIX-blog-image-26-03.png,7253,ONIX-blog-image-26-03.png,0,article_featured_image,REQUIRED,yes,original without dimension suffix
2024/03/ONIX-blog-image-7-March-.png,7059,ONIX-blog-image-7-March-.png,0,article_featured_image,REQUIRED,yes,original without dimension suffix
2024/03/digital-ghana.png,7056,digital-ghana.png,0,article_inline,REQUIRED,yes,original without dimension suffix
2024/03/franck-v-512278-unsplash.jpg,7167,franck-v-512278-unsplash.jpg,0,,POSSIBLY_REQUIRED,yes,original without dimension suffix
2024/03/hin-bong-yeung-210244-unsplash.jpg,7168,hin-bong-yeung-210244-unsplash.jpg,0,,POSSIBLY_REQUIRED,yes,original without dimension suffix
2024/03/imagebox2.jpg,7162,imagebox2.jpg,0,,POSSIBLY_REQUIRED,yes,original without dimension suffix
2024/03/pattern1.jpg,7166,pattern1.jpg,0,,POSSIBLY_REQUIRED,yes,original without dimension suffix
2024/03/placeholder.png,653,placeholder.png,0,,POSSIBLY_REQUIRED,yes,original without dimension suffix
2024/03/zhang-kaiyv-411983-unsplash.jpg,7169,zhang-kaiyv-411983-unsplash.jpg,0,,POSSIBLY_REQUIRED,yes,original without dimension suffix
2024/04/20240312_145756.jpg,7337,20240312_145756.jpg,0,,POSSIBLY_REQUIRED,yes,original without dimension suffix
2024/04/20240312_145852.jpg,7334,20240312_145852.jpg,0,,POSSIBLY_REQUIRED,yes,original without dimension suffix
2024/04/20240312_150056.jpg,7332,20240312_150056.jpg,0,article_featured_image,REQUIRED,yes,original without dimension suffix
2024/04/20240312_150217.jpg,7335,20240312_150217.jpg,0,,POSSIBLY_REQUIRED,yes,original without dimension suffix
2024/04/20240312_150447.jpg,7336,20240312_150447.jpg,0,,POSSIBLY_REQUIRED,yes,original without dimension suffix
2024/04/Images-collage-3.png,7281,Images-collage-3.png,0,page_inline,REQUIRED,yes,original without dimension suffix
2024/04/ONIX-blog-image-Apr-23.png,7461,ONIX-blog-image-Apr-23.png,0,article_featured_image,REQUIRED,yes,original without dimension suffix
2024/05/20240507092212.png,7532,20240507092212.png,0,article_featured_image,REQUIRED,yes,original without dimension suffix
2024/05/May-28.jpg,7623,May-28.jpg,0,article_featured_image,REQUIRED,yes,original without dimension suffix
2024/05/ONIX-blog-image-14-May.png,7550,ONIX-blog-image-14-May.png,0,article_featured_image,REQUIRED,yes,original without dimension suffix
2024/05/data-centres-worldwide.png,7620,data-centres-worldwide.png,0,article_inline,REQUIRED,yes,original without dimension suffix
2024/06/20240610_144954369_iOS-rotated.jpg,7678,20240610_144954369_iOS-rotated.jpg,0,,POSSIBLY_REQUIRED,yes,original without dimension suffix
2024/06/20240610_144954369_iOS.jpg,,20240610_144954369_iOS.jpg,0,,ORPHANED,yes,original without dimension suffix
2024/06/20240610_145009400_iOS-rotated.jpg,7683,20240610_145009400_iOS-rotated.jpg,0,article_featured_image,REQUIRED,yes,original without dimension suffix
2024/06/20240610_145009400_iOS.jpg,,20240610_145009400_iOS.jpg,0,,ORPHANED,yes,original without dimension suffix
2024/06/20240610_145031005_iOS-rotated.jpg,7682,20240610_145031005_iOS-rotated.jpg,0,,POSSIBLY_REQUIRED,yes,original without dimension suffix
2024/06/20240610_145031005_iOS.jpg,,20240610_145031005_iOS.jpg,0,,ORPHANED,yes,original without dimension suffix
2024/06/20240610_145052576_iOS-rotated.jpg,7680,20240610_145052576_iOS-rotated.jpg,0,,POSSIBLY_REQUIRED,yes,original without dimension suffix
2024/06/20240610_145052576_iOS.jpg,,20240610_145052576_iOS.jpg,0,,ORPHANED,yes,original without dimension suffix
2024/06/20240610_145115866_iOS.jpg,7679,20240610_145115866_iOS.jpg,0,,POSSIBLY_REQUIRED,yes,original without dimension suffix
2024/06/20240610_145127526_iOS.jpg,7681,20240610_145127526_iOS.jpg,0,,POSSIBLY_REQUIRED,yes,original without dimension suffix
2024/06/Cost-illustration.png,7757,Cost-illustration.png,0,,POSSIBLY_REQUIRED,yes,original without dimension suffix
2024/06/Media.jpeg,7673,Media.jpeg,0,,POSSIBLY_REQUIRED,yes,original without dimension suffix
2024/06/ONIX-blog-image-June.jpg,7672,ONIX-blog-image-June.jpg,0,article_featured_image,REQUIRED,yes,original without dimension suffix
2024/06/Server-rack-illustration.png,7755,Server-rack-illustration.png,0,,POSSIBLY_REQUIRED,yes,original without dimension suffix
2024/06/VM-website-header.jpg,7764,VM-website-header.jpg,0,,POSSIBLY_REQUIRED,yes,original without dimension suffix
2024/06/VPN_ILLUSTRATION.png,7747,VPN_ILLUSTRATION.png,0,,POSSIBLY_REQUIRED,yes,original without dimension suffix
2024/06/pexels-divinetechygirl-1181354-Large.jpeg,7768,pexels-divinetechygirl-1181354-Large.jpeg,0,,POSSIBLY_REQUIRED,yes,original without dimension suffix
2024/06/pexels-luis-gomes-166706-546819.jpg,7716,pexels-luis-gomes-166706-546819.jpg,0,,POSSIBLY_REQUIRED,yes,original without dimension suffix
2024/07/BSOD-blog-image.jpg,7966,BSOD-blog-image.jpg,0,article_featured_image,REQUIRED,yes,original without dimension suffix
2024/07/ONIX-blog-image-Jul-9.jpg,7821,ONIX-blog-image-Jul-9.jpg,0,article_featured_image,REQUIRED,yes,original without dimension suffix
2024/07/Onix-logo-white.png,7877,Onix-logo-white.png,0,,POSSIBLY_REQUIRED,yes,original without dimension suffix
2024/07/Razak-Awudulai-image-1.jpg,7826,Razak-Awudulai-image-1.jpg,0,,POSSIBLY_REQUIRED,yes,original without dimension suffix
2024/07/interner-outages-worldwide.png,7967,interner-outages-worldwide.png,0,article_inline,REQUIRED,yes,original without dimension suffix
2024/10/African-elephant-digital-transformation.jpeg,8027,African-elephant-digital-transformation.jpeg,0,article_featured_image,REQUIRED,yes,original without dimension suffix
2024/10/WhatsApp-Image-2024-10-14-at-12.18.13.jpeg,8022,WhatsApp-Image-2024-10-14-at-12.18.13.jpeg,0,article_featured_image,REQUIRED,yes,original without dimension suffix
2024/10/data-hospital-4-edited-1.png,8020,data-hospital-4-edited-1.png,0,article_inline,REQUIRED,yes,original without dimension suffix
2024/10/data-hospital-4-edited.png,8019,data-hospital-4-edited.png,0,,POSSIBLY_REQUIRED,yes,original without dimension suffix
2024/10/data-hospital-4.png,8018,data-hospital-4.png,0,,POSSIBLY_REQUIRED,yes,original without dimension suffix
2024/10/data-hospital-5-edited-1.png,8002,data-hospital-5-edited-1.png,0,,POSSIBLY_REQUIRED,yes,original without dimension suffix
2024/10/data-hospital-5-edited.png,8001,data-hospital-5-edited.png,0,,POSSIBLY_REQUIRED,yes,original without dimension suffix
2024/10/data-hospital-5.png,7998,data-hospital-5.png,0,,POSSIBLY_REQUIRED,yes,original without dimension suffix
2024/10/yevu_Digital_written_across_the_african_continent_in_a_futurist_f9ec7c59-1090-45e4-8c35-12ee7ccf6e40-1-edited.png,8026,yevu_Digital_written_across_the_african_continent_in_a_futurist_f9ec7c59-1090-45e4-8c35-12ee7ccf6e40-1-edited.png,0,article_inline,REQUIRED,yes,original without dimension suffix
2024/10/yevu_Digital_written_across_the_african_continent_in_a_futurist_f9ec7c59-1090-45e4-8c35-12ee7ccf6e40-1.png,8025,yevu_Digital_written_across_the_african_continent_in_a_futurist_f9ec7c59-1090-45e4-8c35-12ee7ccf6e40-1.png,0,,POSSIBLY_REQUIRED,yes,original without dimension suffix
2024/10/yevu_Digital_written_across_the_african_continent_in_a_futurist_f9ec7c59-1090-45e4-8c35-12ee7ccf6e40.png,8024,yevu_Digital_written_across_the_african_continent_in_a_futurist_f9ec7c59-1090-45e4-8c35-12ee7ccf6e40.png,0,,POSSIBLY_REQUIRED,yes,original without dimension suffix
2024/11/DJI_0721.jpg,8167,DJI_0721.jpg,0,,POSSIBLY_REQUIRED,yes,original without dimension suffix
2024/11/Feedback-image.jpg,8345,Feedback-image.jpg,0,,POSSIBLY_REQUIRED,yes,original without dimension suffix
2024/11/NOV-BLOG.png,8315,NOV-BLOG.png,0,article_inline,REQUIRED,yes,original without dimension suffix
2024/11/ONIX-Accra.png,8320,ONIX-Accra.png,0,article_featured_image,REQUIRED,yes,original without dimension suffix
2024/11/Onix-Linx-01.png,8323,Onix-Linx-01.png,0,,POSSIBLY_REQUIRED,yes,original without dimension suffix
2024/11/Onix-Linx-02.jpg,8325,Onix-Linx-02.jpg,0,,POSSIBLY_REQUIRED,yes,original without dimension suffix
2024/11/Onix-Linx-03.jpg,8333,Onix-Linx-03.jpg,0,,POSSIBLY_REQUIRED,yes,original without dimension suffix
2024/11/Onix-blog-background-.jpg,8118,Onix-blog-background-.jpg,0,,POSSIBLY_REQUIRED,yes,original without dimension suffix
2024/11/Onix-blog-background-2.jpg,8134,Onix-blog-background-2.jpg,0,,POSSIBLY_REQUIRED,yes,original without dimension suffix
2024/11/Post-4.jpg,8110,Post-4.jpg,0,,POSSIBLY_REQUIRED,yes,original without dimension suffix
2024/11/Screenshot-2024-11-08-at-17.00.47.png,8319,Screenshot-2024-11-08-at-17.00.47.png,0,,POSSIBLY_REQUIRED,yes,original without dimension suffix
2024/11/image0.jpeg,5972,image0.jpeg,0,article_featured_image,REQUIRED,yes,original without dimension suffix
2024/11/image1.jpeg,8318,image1.jpeg,0,,POSSIBLY_REQUIRED,yes,original without dimension suffix
2024/11/modern-data-center-providing-cloud-services-enabling-businesses-access-computing-resources-storage-demand-internet-server-room-infrastructure-3d-render-animation_482257-65963.jpg,8114,modern-data-center-providing-cloud-services-enabling-businesses-access-computing-resources-storage-demand-internet-server-room-infrastructure-3d-render-animation_482257-65963.jpg,0,,POSSIBLY_REQUIRED,yes,original without dimension suffix
2024/11/placeholder-1.png,664,placeholder-1.png,0,,POSSIBLY_REQUIRED,yes,original without dimension suffix
2024/11/placeholder-2.png,665,placeholder-2.png,0,,POSSIBLY_REQUIRED,yes,original without dimension suffix
2024/11/placeholder-3.png,666,placeholder-3.png,0,,POSSIBLY_REQUIRED,yes,original without dimension suffix
2024/11/placeholder-4.png,667,placeholder-4.png,0,,POSSIBLY_REQUIRED,yes,original without dimension suffix
2024/11/placeholder-5.png,689,placeholder-5.png,0,,POSSIBLY_REQUIRED,yes,original without dimension suffix
2024/11/placeholder-6.png,690,placeholder-6.png,0,,POSSIBLY_REQUIRED,yes,original without dimension suffix
2024/11/placeholder-7.png,691,placeholder-7.png,0,,POSSIBLY_REQUIRED,yes,original without dimension suffix
2024/11/placeholder-8.png,8367,placeholder-8.png,0,,POSSIBLY_REQUIRED,yes,original without dimension suffix
2024/11/placeholder.png,653,placeholder.png,0,,POSSIBLY_REQUIRED,yes,original without dimension suffix
2024/11/robin-spielmann-591331-unsplash.jpg,8364,robin-spielmann-591331-unsplash.jpg,0,,POSSIBLY_REQUIRED,yes,original without dimension suffix
2024/12/Data-Centre-Christmas-movies-edited.webp,8513,Data-Centre-Christmas-movies-edited.webp,0,article_inline,REQUIRED,yes,original without dimension suffix
2024/12/Data-Centre-Christmas-movies.webp,8512,Data-Centre-Christmas-movies.webp,0,,POSSIBLY_REQUIRED,yes,original without dimension suffix
2024/12/Data-centre-Christmas-shopping.webp,8510,Data-centre-Christmas-shopping.webp,0,,POSSIBLY_REQUIRED,yes,original without dimension suffix
2024/12/Onix-tiers.png,8404,Onix-tiers.png,0,,POSSIBLY_REQUIRED,yes,original without dimension suffix
2024/12/WhatsApp-Image-2024-12-02-at-16.12.11.jpeg,8503,WhatsApp-Image-2024-12-02-at-16.12.11.jpeg,0,article_featured_image,REQUIRED,yes,original without dimension suffix
2024/12/WhatsApp-Image-2024-12-17-at-10.21.21.jpeg,8518,WhatsApp-Image-2024-12-17-at-10.21.21.jpeg,0,article_featured_image,REQUIRED,yes,original without dimension suffix
2024/12/data-centre-christmas.png,8517,data-centre-christmas.png,0,,POSSIBLY_REQUIRED,yes,original without dimension suffix
2025/01/Blog-image-jan.png,8631,Blog-image-jan.png,0,article_featured_image,REQUIRED,yes,original without dimension suffix
2025/01/Local-data-centres-Africa-Ghana.webp,8622,Local-data-centres-Africa-Ghana.webp,0,,POSSIBLY_REQUIRED,yes,original without dimension suffix
2025/01/New-Years-Resolution-new.png,8531,New-Years-Resolution-new.png,0,article_featured_image,REQUIRED,yes,original without dimension suffix
2025/01/Resolution-.png,8525,Resolution-.png,0,,POSSIBLY_REQUIRED,yes,original without dimension suffix
2025/02/18-feb-blog-a.png,8655,18-feb-blog-a.png,0,article_featured_image,REQUIRED,yes,original without dimension suffix
2025/02/Blog-image-Feb.png,8646,Blog-image-Feb.png,0,article_featured_image,REQUIRED,yes,original without dimension suffix
2025/02/ghana-doctor-nurse-tablet-digital.png,8653,ghana-doctor-nurse-tablet-digital.png,0,,POSSIBLY_REQUIRED,yes,original without dimension suffix
2025/02/image.webp,8641,image.webp,0,,POSSIBLY_REQUIRED,yes,original without dimension suffix
2025/03/4-Mar-Blog.png,8663,4-Mar-Blog.png,0,article_featured_image,REQUIRED,yes,original without dimension suffix
2025/03/Digital-Infrastructure-Africa.jpg,8676,Digital-Infrastructure-Africa.jpg,0,page_featured_image,REQUIRED,yes,original without dimension suffix
2025/03/Samuel-Osew.jpeg,8688,Samuel-Osew.jpeg,0,,POSSIBLY_REQUIRED,yes,original without dimension suffix
2025/03/collab-digi-infrastructure.webp,8672,collab-digi-infrastructure.webp,0,,POSSIBLY_REQUIRED,yes,original without dimension suffix
2025/03/search-for-talent.webp,8661,search-for-talent.webp,0,,POSSIBLY_REQUIRED,yes,original without dimension suffix
2025/04/A1793057-DC09-41BF-9F22-3D103BAA8C7C-1.jpeg,8709,A1793057-DC09-41BF-9F22-3D103BAA8C7C-1.jpeg,0,,POSSIBLY_REQUIRED,yes,original without dimension suffix
2025/04/A1793057-DC09-41BF-9F22-3D103BAA8C7C-2.jpeg,8710,A1793057-DC09-41BF-9F22-3D103BAA8C7C-2.jpeg,0,,POSSIBLY_REQUIRED,yes,original without dimension suffix
2025/04/A1793057-DC09-41BF-9F22-3D103BAA8C7C.jpeg,8708,A1793057-DC09-41BF-9F22-3D103BAA8C7C.jpeg,0,,POSSIBLY_REQUIRED,yes,original without dimension suffix
2025/04/IMG_6015.jpg,8704,IMG_6015.jpg,0,article_featured_image,REQUIRED,yes,original without dimension suffix
2025/04/Onix-Data-Centre-Brochure-2025-.pdf,8768,Onix-Data-Centre-Brochure-2025-.pdf,0,,POSSIBLY_REQUIRED,yes,original without dimension suffix
2025/04/WhatsApp-Image-2025-04-16-at-15.03.05.jpeg,8752,WhatsApp-Image-2025-04-16-at-15.03.05.jpeg,0,article_inline,REQUIRED,yes,original without dimension suffix
2025/04/WhatsApp-Image-2025-04-16-at-15.40.19.jpeg,8758,WhatsApp-Image-2025-04-16-at-15.40.19.jpeg,0,article_featured_image,REQUIRED,yes,original without dimension suffix
2025/04/WhatsApp-Image-2025-04-16-at-18.41.05-5.jpeg,8754,WhatsApp-Image-2025-04-16-at-18.41.05-5.jpeg,0,,POSSIBLY_REQUIRED,yes,original without dimension suffix
2025/04/WhatsApp-Image-2025-04-23-at-09.11.56.jpeg,8753,WhatsApp-Image-2025-04-23-at-09.11.56.jpeg,0,,POSSIBLY_REQUIRED,yes,original without dimension suffix
2025/04/WhatsApp-Image-2025-04-23-at-09.11.57.jpeg,8756,WhatsApp-Image-2025-04-23-at-09.11.57.jpeg,0,,POSSIBLY_REQUIRED,yes,original without dimension suffix
2025/04/WhatsApp-Image-2025-04-23-at-09.11.58.jpeg,8757,WhatsApp-Image-2025-04-23-at-09.11.58.jpeg,0,,POSSIBLY_REQUIRED,yes,original without dimension suffix
2025/04/WhatsApp-Image-2025-04-23-at-09.11.59.jpeg,8755,WhatsApp-Image-2025-04-23-at-09.11.59.jpeg,0,,POSSIBLY_REQUIRED,yes,original without dimension suffix
2025/05/20250430_160348.jpg,8786,20250430_160348.jpg,0,,POSSIBLY_REQUIRED,yes,original without dimension suffix
2025/05/20250430_173312-1.jpg,8788,20250430_173312-1.jpg,0,,POSSIBLY_REQUIRED,yes,original without dimension suffix
2025/05/20250430_173312.jpg,8787,20250430_173312.jpg,0,,POSSIBLY_REQUIRED,yes,original without dimension suffix
2025/05/386A4868.jpg,8797,386A4868.jpg,0,,POSSIBLY_REQUIRED,yes,original without dimension suffix
2025/05/386A4952.jpg,8802,386A4952.jpg,0,,POSSIBLY_REQUIRED,yes,original without dimension suffix
2025/05/386A4979.jpg,8803,386A4979.jpg,0,,POSSIBLY_REQUIRED,yes,original without dimension suffix
2025/05/386A5110-1.jpg,8800,386A5110-1.jpg,0,,POSSIBLY_REQUIRED,yes,original without dimension suffix
2025/05/386A5110.jpg,8798,386A5110.jpg,0,,POSSIBLY_REQUIRED,yes,original without dimension suffix
2025/05/386A5131.jpg,8799,386A5131.jpg,0,,POSSIBLY_REQUIRED,yes,original without dimension suffix
2025/05/386A5132.jpg,8801,386A5132.jpg,0,,POSSIBLY_REQUIRED,yes,original without dimension suffix
2025/05/IMS-SIMPLIFIED-12-May-2025.pdf,8830,IMS-SIMPLIFIED-12-May-2025.pdf,0,page_inline,REQUIRED,yes,original without dimension suffix
2025/05/WhatsApp-Image-2025-04-30-at-07.36.43.jpeg,8777,WhatsApp-Image-2025-04-30-at-07.36.43.jpeg,0,,POSSIBLY_REQUIRED,yes,original without dimension suffix
2025/05/WhatsApp-Image-2025-04-30-at-07.36.51-1-1.jpeg,8776,WhatsApp-Image-2025-04-30-at-07.36.51-1-1.jpeg,0,,POSSIBLY_REQUIRED,yes,original without dimension suffix
2025/05/WhatsApp-Image-2025-04-30-at-07.36.51-1.jpeg,8775,WhatsApp-Image-2025-04-30-at-07.36.51-1.jpeg,0,,POSSIBLY_REQUIRED,yes,original without dimension suffix
2025/05/WhatsApp-Image-2025-04-30-at-07.36.51.jpeg,8774,WhatsApp-Image-2025-04-30-at-07.36.51.jpeg,0,,POSSIBLY_REQUIRED,yes,original without dimension suffix
2025/05/WhatsApp-Image-2025-04-30-at-07.36.53-2.jpeg,8778,WhatsApp-Image-2025-04-30-at-07.36.53-2.jpeg,0,,POSSIBLY_REQUIRED,yes,original without dimension suffix
2025/05/WhatsApp-Image-2025-04-30-at-07.36.53.jpeg,8779,WhatsApp-Image-2025-04-30-at-07.36.53.jpeg,0,,POSSIBLY_REQUIRED,yes,original without dimension suffix
2025/05/WhatsApp-Image-2025-04-30-at-07.36.55-2.jpeg,8783,WhatsApp-Image-2025-04-30-at-07.36.55-2.jpeg,0,article_featured_image,REQUIRED,yes,original without dimension suffix
2025/05/WhatsApp-Image-2025-05-06-at-10.22.09-3.jpeg,8791,WhatsApp-Image-2025-05-06-at-10.22.09-3.jpeg,0,,POSSIBLY_REQUIRED,yes,original without dimension suffix
2025/05/WhatsApp-Image-2025-05-27-at-10.55.10.jpeg,8839,WhatsApp-Image-2025-05-27-at-10.55.10.jpeg,0,article_featured_image,REQUIRED,yes,original without dimension suffix
2025/06/Samuel-Osew-Kwatia.png,8919,Samuel-Osew-Kwatia.png,0,,POSSIBLY_REQUIRED,yes,original without dimension suffix
2025/06/Samuel-Polley-image-1.png,8939,Samuel-Polley-image-1.png,0,,POSSIBLY_REQUIRED,yes,original without dimension suffix
2025/06/WhatsApp-Image-2025-06-09-at-11.28.25.jpeg,8856,WhatsApp-Image-2025-06-09-at-11.28.25.jpeg,0,article_featured_image,REQUIRED,yes,original without dimension suffix
2025/07/20250624_104336.jpg,8995,20250624_104336.jpg,0,,POSSIBLY_REQUIRED,yes,original without dimension suffix
2025/07/20250624_130648-1.jpg,8998,20250624_130648-1.jpg,0,,POSSIBLY_REQUIRED,yes,original without dimension suffix
2025/07/20250624_130648.jpg,8997,20250624_130648.jpg,0,,POSSIBLY_REQUIRED,yes,original without dimension suffix
2025/07/20250703_110443.jpg,9022,20250703_110443.jpg,0,,POSSIBLY_REQUIRED,yes,original without dimension suffix
2025/07/20250703_110606.jpg,9021,20250703_110606.jpg,0,,POSSIBLY_REQUIRED,yes,original without dimension suffix
2025/07/20250703_110737-rotated.jpg,9024,20250703_110737-rotated.jpg,0,,POSSIBLY_REQUIRED,yes,original without dimension suffix
2025/07/20250703_110737.jpg,,20250703_110737.jpg,0,,ORPHANED,yes,original without dimension suffix
2025/07/20250703_110740.jpg,9023,20250703_110740.jpg,0,,POSSIBLY_REQUIRED,yes,original without dimension suffix
2025/07/20250703_110805-1-rotated.jpg,9013,20250703_110805-1-rotated.jpg,0,,POSSIBLY_REQUIRED,yes,original without dimension suffix
2025/07/20250703_110805-1.jpg,,20250703_110805-1.jpg,0,,ORPHANED,yes,original without dimension suffix
2025/07/20250703_110805-2-edited.jpg,9015,20250703_110805-2-edited.jpg,0,,POSSIBLY_REQUIRED,yes,original without dimension suffix
2025/07/20250703_110805-2-rotated.jpg,9014,20250703_110805-2-rotated.jpg,0,,POSSIBLY_REQUIRED,yes,original without dimension suffix
2025/07/20250703_110805-2.jpg,,20250703_110805-2.jpg,0,,ORPHANED,yes,original without dimension suffix
2025/07/20250703_110805-3-rotated.jpg,9026,20250703_110805-3-rotated.jpg,0,,POSSIBLY_REQUIRED,yes,original without dimension suffix
2025/07/20250703_110805-3.jpg,,20250703_110805-3.jpg,0,,ORPHANED,yes,original without dimension suffix
2025/07/20250703_110805-rotated.jpg,9012,20250703_110805-rotated.jpg,0,,POSSIBLY_REQUIRED,yes,original without dimension suffix
2025/07/20250703_110805.jpg,,20250703_110805.jpg,0,,ORPHANED,yes,original without dimension suffix
2025/07/20250703_110808-rotated.jpg,9025,20250703_110808-rotated.jpg,0,,POSSIBLY_REQUIRED,yes,original without dimension suffix
2025/07/20250703_110808.jpg,,20250703_110808.jpg,0,,ORPHANED,yes,original without dimension suffix
2025/07/20250703_113803.jpg,9019,20250703_113803.jpg,0,,POSSIBLY_REQUIRED,yes,original without dimension suffix
2025/07/20250703_1138210-rotated.jpg,9018,20250703_1138210-rotated.jpg,0,,POSSIBLY_REQUIRED,yes,original without dimension suffix
2025/07/20250703_1138210.jpg,,20250703_1138210.jpg,0,,ORPHANED,yes,original without dimension suffix
2025/07/20250703_170235-rotated.jpg,9027,20250703_170235-rotated.jpg,0,,POSSIBLY_REQUIRED,yes,original without dimension suffix
2025/07/20250703_170235.jpg,,20250703_170235.jpg,0,,ORPHANED,yes,original without dimension suffix
2025/07/20250703_184754.jpg,9017,20250703_184754.jpg,0,,POSSIBLY_REQUIRED,yes,original without dimension suffix
2025/07/20250703_185647.jpg,9020,20250703_185647.jpg,0,,POSSIBLY_REQUIRED,yes,original without dimension suffix
2025/07/Data-ico.png,9076,Data-ico.png,0,,POSSIBLY_REQUIRED,yes,original without dimension suffix
2025/07/Onix-Students-13.jpeg,9057,Onix-Students-13.jpeg,0,,POSSIBLY_REQUIRED,yes,original without dimension suffix
2025/07/Onix-students-1-.jpeg,9061,Onix-students-1-.jpeg,0,,POSSIBLY_REQUIRED,yes,original without dimension suffix
2025/07/Onix-students-10.jpeg,9068,Onix-students-10.jpeg,0,,POSSIBLY_REQUIRED,yes,original without dimension suffix
2025/07/Onix-students-11.jpeg,9054,Onix-students-11.jpeg,0,,POSSIBLY_REQUIRED,yes,original without dimension suffix
2025/07/Onix-students-12-1.jpeg,9056,Onix-students-12-1.jpeg,0,,POSSIBLY_REQUIRED,yes,original without dimension suffix
2025/07/Onix-students-12.jpeg,9052,Onix-students-12.jpeg,0,,POSSIBLY_REQUIRED,yes,original without dimension suffix
2025/07/Onix-students-14.jpeg,9060,Onix-students-14.jpeg,0,,POSSIBLY_REQUIRED,yes,original without dimension suffix
2025/07/Onix-students-15.jpeg,9058,Onix-students-15.jpeg,0,,POSSIBLY_REQUIRED,yes,original without dimension suffix
2025/07/Onix-students-2.jpeg,9062,Onix-students-2.jpeg,0,,POSSIBLY_REQUIRED,yes,original without dimension suffix
2025/07/Onix-students-3-1.jpeg,9055,Onix-students-3-1.jpeg,0,,POSSIBLY_REQUIRED,yes,original without dimension suffix
2025/07/Onix-students-3.jpeg,9050,Onix-students-3.jpeg,0,article_featured_image,REQUIRED,yes,original without dimension suffix
2025/07/Onix-students-4.jpeg,9064,Onix-students-4.jpeg,0,,POSSIBLY_REQUIRED,yes,original without dimension suffix
2025/07/Onix-students-5.jpeg,9059,Onix-students-5.jpeg,0,,POSSIBLY_REQUIRED,yes,original without dimension suffix
2025/07/Onix-students-6.jpeg,9066,Onix-students-6.jpeg,0,,POSSIBLY_REQUIRED,yes,original without dimension suffix
2025/07/Onix-students-7.jpeg,9067,Onix-students-7.jpeg,0,,POSSIBLY_REQUIRED,yes,original without dimension suffix
2025/07/Onix-students-8.jpeg,9063,Onix-students-8.jpeg,0,,POSSIBLY_REQUIRED,yes,original without dimension suffix
2025/07/Onix-students-9.jpeg,9065,Onix-students-9.jpeg,0,,POSSIBLY_REQUIRED,yes,original without dimension suffix
2025/07/PXGH-04-JUL-25-DSC08557.jpg,9029,PXGH-04-JUL-25-DSC08557.jpg,0,,POSSIBLY_REQUIRED,yes,original without dimension suffix
2025/07/PXGH-04-JUL-25-DSC08566.jpg,9030,PXGH-04-JUL-25-DSC08566.jpg,0,,POSSIBLY_REQUIRED,yes,original without dimension suffix
2025/07/PXGH-04-JUL-25-DSC08785.jpg,9031,PXGH-04-JUL-25-DSC08785.jpg,0,,POSSIBLY_REQUIRED,yes,original without dimension suffix
2025/07/PXGH-04-JUL-25-DSC08863.jpg,9032,PXGH-04-JUL-25-DSC08863.jpg,0,,POSSIBLY_REQUIRED,yes,original without dimension suffix
2025/07/PXGH-04-JUL-25-DSC09122.jpg,9033,PXGH-04-JUL-25-DSC09122.jpg,0,,POSSIBLY_REQUIRED,yes,original without dimension suffix
2025/07/PXGH-04-JUL-25-DSC09180.jpg,9034,PXGH-04-JUL-25-DSC09180.jpg,0,,POSSIBLY_REQUIRED,yes,original without dimension suffix
2025/07/PXGH-04-JUL-25-DSC09213.jpg,9035,PXGH-04-JUL-25-DSC09213.jpg,0,,POSSIBLY_REQUIRED,yes,original without dimension suffix
2025/07/PXGH-04-JUL-25-DSC09270.jpg,9036,PXGH-04-JUL-25-DSC09270.jpg,0,,POSSIBLY_REQUIRED,yes,original without dimension suffix
2025/07/PXGH-04-JUL-25-DSC09296.jpg,9037,PXGH-04-JUL-25-DSC09296.jpg,0,,POSSIBLY_REQUIRED,yes,original without dimension suffix
2025/07/PXGH-04-JUL-25-DSC09312.jpg,9038,PXGH-04-JUL-25-DSC09312.jpg,0,,POSSIBLY_REQUIRED,yes,original without dimension suffix
2025/07/PXGH-04-JUL-25-DSC09399.jpg,9039,PXGH-04-JUL-25-DSC09399.jpg,0,,POSSIBLY_REQUIRED,yes,original without dimension suffix
2025/07/PXGH-04-JUL-25-DSC09413-1.jpg,9010,PXGH-04-JUL-25-DSC09413-1.jpg,0,,POSSIBLY_REQUIRED,yes,original without dimension suffix
2025/07/PXGH-04-JUL-25-DSC09413.jpg,9009,PXGH-04-JUL-25-DSC09413.jpg,0,,POSSIBLY_REQUIRED,yes,original without dimension suffix
2025/07/PXGH-04-JUL-25-DSC09510.jpg,9040,PXGH-04-JUL-25-DSC09510.jpg,0,,POSSIBLY_REQUIRED,yes,original without dimension suffix
2025/07/PXGH-04-JUL-25-DSC09529-1.jpg,9041,PXGH-04-JUL-25-DSC09529-1.jpg,0,,POSSIBLY_REQUIRED,yes,original without dimension suffix
2025/07/PXGH-04-JUL-25-DSC09529.jpg,9008,PXGH-04-JUL-25-DSC09529.jpg,0,article_featured_image,REQUIRED,yes,original without dimension suffix
2025/07/WhatsApp-Image-2025-06-09-at-15.16.29.jpeg,9001,WhatsApp-Image-2025-06-09-at-15.16.29.jpeg,0,article_featured_image,REQUIRED,yes,original without dimension suffix
2025/08/12961.jpg,9237,12961.jpg,0,,POSSIBLY_REQUIRED,yes,original without dimension suffix
2025/08/2149370100.jpg,9181,2149370100.jpg,0,,POSSIBLY_REQUIRED,yes,original without dimension suffix
2025/08/2149370127.jpg,9182,2149370127.jpg,0,,POSSIBLY_REQUIRED,yes,original without dimension suffix
2025/08/2149601528.jpg,9204,2149601528.jpg,0,,POSSIBLY_REQUIRED,yes,original without dimension suffix
2025/08/2150167356.jpg,9487,2150167356.jpg,0,,POSSIBLY_REQUIRED,yes,original without dimension suffix
2025/08/26-Aug-Blog-2.jpg,9558,26-Aug-Blog-2.jpg,0,article_featured_image,REQUIRED,yes,original without dimension suffix
2025/08/5-Aug-Blog.png,9125,5-Aug-Blog.png,0,article_featured_image,REQUIRED,yes,original without dimension suffix
2025/08/DCbyte-infographic.png,9122,DCbyte-infographic.png,0,,POSSIBLY_REQUIRED,yes,original without dimension suffix
2025/08/Sitting-in-the-office.jpg,9458,Sitting-in-the-office.jpg,0,,POSSIBLY_REQUIRED,yes,original without dimension suffix
2025/08/WhatsApp-Image-2025-08-26-at-11.04.54.jpeg,9559,WhatsApp-Image-2025-08-26-at-11.04.54.jpeg,0,,POSSIBLY_REQUIRED,yes,original without dimension suffix
2025/08/b1.png,9271,b1.png,0,,POSSIBLY_REQUIRED,yes,original without dimension suffix
2025/08/b2.png,9272,b2.png,0,,POSSIBLY_REQUIRED,yes,original without dimension suffix
2025/09/20250903_100124.jpg,9573,20250903_100124.jpg,0,,POSSIBLY_REQUIRED,yes,original without dimension suffix
2025/09/20250903_101342-1-rotated.jpg,9579,20250903_101342-1-rotated.jpg,0,article_inline,REQUIRED,yes,original without dimension suffix
2025/09/20250903_101342-1.jpg,,20250903_101342-1.jpg,0,,ORPHANED,yes,original without dimension suffix
2025/09/20250903_101342-rotated.jpg,9574,20250903_101342-rotated.jpg,0,,POSSIBLY_REQUIRED,yes,original without dimension suffix
2025/09/20250903_101342.jpg,,20250903_101342.jpg,0,,ORPHANED,yes,original without dimension suffix
2025/09/20250903_133212-1.jpg,9580,20250903_133212-1.jpg,0,article_inline,REQUIRED,yes,original without dimension suffix
2025/09/20250903_133212.jpg,9572,20250903_133212.jpg,0,,POSSIBLY_REQUIRED,yes,original without dimension suffix
2025/09/20250903_140309.jpg,9571,20250903_140309.jpg,0,article_inline,REQUIRED,yes,original without dimension suffix
2025/09/20250903_141319-1.jpg,9581,20250903_141319-1.jpg,0,article_inline,REQUIRED,yes,original without dimension suffix
2025/09/20250903_141319.jpg,9575,20250903_141319.jpg,0,,POSSIBLY_REQUIRED,yes,original without dimension suffix
2025/09/20250903_141431-1.jpg,9578,20250903_141431-1.jpg,0,article_inline,REQUIRED,yes,original without dimension suffix
2025/09/20250903_141431.jpg,9576,20250903_141431.jpg,0,,POSSIBLY_REQUIRED,yes,original without dimension suffix
2025/09/20250903_141456-1.jpg,9582,20250903_141456-1.jpg,0,article_inline,REQUIRED,yes,original without dimension suffix
2025/09/20250903_141456.jpg,9577,20250903_141456.jpg,0,,POSSIBLY_REQUIRED,yes,original without dimension suffix
2025/09/WhatsApp-Image-2025-09-03-at-10.17.46.jpeg,9583,WhatsApp-Image-2025-09-03-at-10.17.46.jpeg,0,article_inline,REQUIRED,yes,original without dimension suffix
2025/09/WhatsApp-Image-2025-09-29-at-22.00.37.jpeg,9592,WhatsApp-Image-2025-09-29-at-22.00.37.jpeg,0,,POSSIBLY_REQUIRED,yes,original without dimension suffix
2025/09/WhatsApp-Image-2025-09-29-at-22.01.07.jpeg,9593,WhatsApp-Image-2025-09-29-at-22.01.07.jpeg,0,article_featured_image,REQUIRED,yes,original without dimension suffix
2025/09/WhatsApp-Image-2025-09-29-at-22.01.08.jpeg,9594,WhatsApp-Image-2025-09-29-at-22.01.08.jpeg,0,,POSSIBLY_REQUIRED,yes,original without dimension suffix
2025/10/20251008_105830.jpg,9609,20251008_105830.jpg,0,,POSSIBLY_REQUIRED,yes,original without dimension suffix
2025/10/20251009_202113.jpg,9610,20251009_202113.jpg,0,,POSSIBLY_REQUIRED,yes,original without dimension suffix
2025/10/Broadspectrum-Team-at-Africa-Fintech-Summit.jpeg,9618,Broadspectrum-Team-at-Africa-Fintech-Summit.jpeg,0,article_inline,REQUIRED,yes,original without dimension suffix
2025/10/Fin-tech-1.jpeg,9612,Fin-tech-1.jpeg,0,,POSSIBLY_REQUIRED,yes,original without dimension suffix
2025/10/Fintech-3.jpeg,9615,Fintech-3.jpeg,0,article_inline,REQUIRED,yes,original without dimension suffix
2025/10/Fintech-4.jpeg,9611,Fintech-4.jpeg,0,,POSSIBLY_REQUIRED,yes,original without dimension suffix
2025/10/WhatsApp-Image-2025-10-28-at-10.09.32.jpeg,9636,WhatsApp-Image-2025-10-28-at-10.09.32.jpeg,0,article_featured_image,REQUIRED,yes,original without dimension suffix
2025/10/aws-blog-7.png,9632,aws-blog-7.png,0,,POSSIBLY_REQUIRED,yes,original without dimension suffix
2025/10/fin-tech-2.jpeg,9613,fin-tech-2.jpeg,0,,POSSIBLY_REQUIRED,yes,original without dimension suffix
2025/10/fintech-6.jpeg,9614,fintech-6.jpeg,0,article_featured_image,REQUIRED,yes,original without dimension suffix
2025/11/Data-iimage.png,9776,Data-iimage.png,0,,POSSIBLY_REQUIRED,yes,original without dimension suffix
2025/11/Line.png,9764,Line.png,0,page_inline,REQUIRED,yes,original without dimension suffix
2025/11/Linx-Hero-Image.webp,9919,Linx-Hero-Image.webp,0,,POSSIBLY_REQUIRED,yes,original without dimension suffix
2025/11/Linx-Peering.png,9869,Linx-Peering.png,0,,POSSIBLY_REQUIRED,yes,original without dimension suffix
2025/11/Membership.png,9748,Membership.png,0,page_inline,REQUIRED,yes,original without dimension suffix
2025/11/Onix-Peering-Image.png,9775,Onix-Peering-Image.png,0,,POSSIBLY_REQUIRED,yes,original without dimension suffix
2025/11/Onix-Peering.webp,9923,Onix-Peering.webp,0,,POSSIBLY_REQUIRED,yes,original without dimension suffix
2025/11/Onix-data-image.png,9777,Onix-data-image.png,0,page_featured_image,REQUIRED,yes,original without dimension suffix
2025/11/Onix-network.png,9724,Onix-network.png,0,page_inline,REQUIRED,yes,original without dimension suffix
2025/11/Peering-Siagram-1.png,9772,Peering-Siagram-1.png,0,,POSSIBLY_REQUIRED,yes,original without dimension suffix
2025/11/Peering-background.png,9770,Peering-background.png,0,,POSSIBLY_REQUIRED,yes,original without dimension suffix
2025/11/WhatsApp-Image-2025-11-10-at-12.18.35.jpeg,9868,WhatsApp-Image-2025-11-10-at-12.18.35.jpeg,0,,POSSIBLY_REQUIRED,yes,original without dimension suffix
2025/11/WhatsApp-Image-2025-11-10-at-15.44.22.jpeg,9871,WhatsApp-Image-2025-11-10-at-15.44.22.jpeg,0,article_featured_image,REQUIRED,yes,original without dimension suffix
2025/11/mouse-pointer-click.svg,9762,mouse-pointer-click.svg,0,,POSSIBLY_REQUIRED,yes,original without dimension suffix
2025/12/Onix-Brochure-2025K.pdf,9947,Onix-Brochure-2025K.pdf,0,,POSSIBLY_REQUIRED,yes,original without dimension suffix
2025/12/WhatsApp-Image-2025-12-08-at-10.00.35-1.jpeg,9938,WhatsApp-Image-2025-12-08-at-10.00.35-1.jpeg,0,,POSSIBLY_REQUIRED,yes,original without dimension suffix
2025/12/WhatsApp-Image-2025-12-08-at-10.00.35.jpeg,9940,WhatsApp-Image-2025-12-08-at-10.00.35.jpeg,0,article_featured_image,REQUIRED,yes,original without dimension suffix
2026/01/Gemini_Generated_Image_x5mpxox5mpxox5mp.jpeg,9953,Gemini_Generated_Image_x5mpxox5mpxox5mp.jpeg,0,,POSSIBLY_REQUIRED,yes,original without dimension suffix
2026/01/Reliability-loop-SLA-Onix.png,9969,Reliability-loop-SLA-Onix.png,0,,POSSIBLY_REQUIRED,yes,original without dimension suffix
2026/01/SLA-article.png,9967,SLA-article.png,0,,POSSIBLY_REQUIRED,yes,original without dimension suffix
2026/01/WhatsApp-Image-2026-01-07-at-10.48.54.jpeg,9958,WhatsApp-Image-2026-01-07-at-10.48.54.jpeg,0,article_featured_image,REQUIRED,yes,original without dimension suffix
2026/01/WhatsApp-Image-2026-01-20-at-10.23.05.jpeg,9971,WhatsApp-Image-2026-01-20-at-10.23.05.jpeg,0,article_featured_image,REQUIRED,yes,original without dimension suffix
2026/02/Gemini_Generated_Image_5tt2ei5tt2ei5tt2-1-edited-1.png,9997,Gemini_Generated_Image_5tt2ei5tt2ei5tt2-1-edited-1.png,0,article_inline,REQUIRED,yes,original without dimension suffix
2026/02/Gemini_Generated_Image_5tt2ei5tt2ei5tt2-1-edited.png,9994,Gemini_Generated_Image_5tt2ei5tt2ei5tt2-1-edited.png,0,,POSSIBLY_REQUIRED,yes,original without dimension suffix
2026/02/Gemini_Generated_Image_5tt2ei5tt2ei5tt2-1.png,9980,Gemini_Generated_Image_5tt2ei5tt2ei5tt2-1.png,0,,POSSIBLY_REQUIRED,yes,original without dimension suffix
2026/02/Lego-Blog-image-2.png,9987,Lego-Blog-image-2.png,0,article_featured_image,REQUIRED,yes,original without dimension suffix
2026/02/Onix_Blog_Image3_Flow.png,9984,Onix_Blog_Image3_Flow.png,0,,POSSIBLY_REQUIRED,yes,original without dimension suffix
2026/02/Onix_Blog_Image3_Traditional_vs_Composable.png,9982,Onix_Blog_Image3_Traditional_vs_Composable.png,0,,POSSIBLY_REQUIRED,yes,original without dimension suffix
2026/03/Back-2.png,10043,Back-2.png,0,,POSSIBLY_REQUIRED,yes,original without dimension suffix
2026/03/Back-3.png,10047,Back-3.png,0,,POSSIBLY_REQUIRED,yes,original without dimension suffix
2026/03/Backk.png,10042,Backk.png,0,,POSSIBLY_REQUIRED,yes,original without dimension suffix
2026/03/Badge-01.png,10040,Badge-01.png,0,,POSSIBLY_REQUIRED,yes,original without dimension suffix
2026/03/Badge-1.png,10039,Badge-1.png,0,,POSSIBLY_REQUIRED,yes,original without dimension suffix
2026/03/Badge-2.png,10038,Badge-2.png,0,,POSSIBLY_REQUIRED,yes,original without dimension suffix
2026/03/Badge-rows.png,10045,Badge-rows.png,0,,POSSIBLY_REQUIRED,yes,original without dimension suffix
2026/03/Gemini_Generated_Image_1nd7xd1nd7xd1nd7.png,10151,Gemini_Generated_Image_1nd7xd1nd7xd1nd7.png,0,,POSSIBLY_REQUIRED,yes,original without dimension suffix
2026/03/Gemini_Generated_Image_t6bhy8t6bhy8t6bh.png,10106,Gemini_Generated_Image_t6bhy8t6bhy8t6bh.png,0,,POSSIBLY_REQUIRED,yes,original without dimension suffix
2026/03/Ghana@69-b.jpg,10110,Ghana@69-b.jpg,0,article_featured_image,REQUIRED,yes,original without dimension suffix
2026/03/Mar-Blog-Image-1.jpg,10154,Mar-Blog-Image-1.jpg,0,article_featured_image,REQUIRED,yes,original without dimension suffix
2026/03/White-grid-background.png,10028,White-grid-background.png,0,,POSSIBLY_REQUIRED,yes,original without dimension suffix
2026/04/Africas-Digital-Infrastructure-and-Global-Conflict-Risk.jpg,10188,Africas-Digital-Infrastructure-and-Global-Conflict-Risk.jpg,0,article_featured_image,REQUIRED,yes,original without dimension suffix
2026/04/Blog-Image-April.jpg,10212,Blog-Image-April.jpg,0,article_featured_image,REQUIRED,yes,original without dimension suffix
2026/04/Meet-me-room-Onix.png,10208,Meet-me-room-Onix.png,0,,POSSIBLY_REQUIRED,yes,original without dimension suffix
2026/04/Onix-Boardroom-discussion.png,10206,Onix-Boardroom-discussion.png,0,,POSSIBLY_REQUIRED,yes,original without dimension suffix
2026/04/Racks-Onix.png,10204,Racks-Onix.png,0,,POSSIBLY_REQUIRED,yes,original without dimension suffix
2026/04/infrastructure-behind-the-cloud.png,10189,infrastructure-behind-the-cloud.png,0,,POSSIBLY_REQUIRED,yes,original without dimension suffix
2026/04/infrastructure-risk-planning.png,10191,infrastructure-risk-planning.png,0,,POSSIBLY_REQUIRED,yes,original without dimension suffix
2026/05/colocation-migration-planning-business-continuity.png,10222,colocation-migration-planning-business-continuity.png,0,,POSSIBLY_REQUIRED,yes,original without dimension suffix
2026/05/hidden-office-server-room-risk.png,10220,hidden-office-server-room-risk.png,0,,POSSIBLY_REQUIRED,yes,original without dimension suffix
2026/05/server-room-vs-data-centre-colocation-ghana-onix.jpeg,10228,server-room-vs-data-centre-colocation-ghana-onix.jpeg,0,article_featured_image,REQUIRED,yes,original without dimension suffix
2026/06/Africa-Global-Data-Centre-network.png,10271,Africa-Global-Data-Centre-network.png,0,,POSSIBLY_REQUIRED,yes,original without dimension suffix
2026/06/Health-data-infrastructure.png,10258,Health-data-infrastructure.png,0,,POSSIBLY_REQUIRED,yes,original without dimension suffix
2026/06/Nigeria-digital-sovreignty.png,10284,Nigeria-digital-sovreignty.png,0,article_featured_image,REQUIRED,yes,original without dimension suffix
2026/06/Onix-Health-Care.png,10255,Onix-Health-Care.png,0,article_featured_image,REQUIRED,yes,original without dimension suffix
2026/06/africa-global-ai-infrastructure-map-onix.png,10276,africa-global-ai-infrastructure-map-onix.png,0,article_featured_image,REQUIRED,yes,original without dimension suffix
2026/06/esponsible-african-data-centre-growth-onix.png,10273,esponsible-african-data-centre-growth-onix.png,0,,POSSIBLY_REQUIRED,yes,original without dimension suffix
2026/06/health-data-security.png,10256,health-data-security.png,0,,POSSIBLY_REQUIRED,yes,original without dimension suffix
2026/07/Ghanas-Digital-Ecosystem.png,10286,Ghanas-Digital-Ecosystem.png,0,,POSSIBLY_REQUIRED,yes,original without dimension suffix
2026/07/light-out-hero-wordpress.jpg,10309,light-out-hero-wordpress.jpg,0,article_featured_image,REQUIRED,yes,original without dimension suffix
2026/07/onix-power-cut-02-office-vs-tier-iv-data-centre.png,10294,onix-power-cut-02-office-vs-tier-iv-data-centre.png,0,,POSSIBLY_REQUIRED,yes,original without dimension suffix
2026/07/onix-power-cut-03-ups-instant-response.png,10298,onix-power-cut-03-ups-instant-response.png,0,,POSSIBLY_REQUIRED,yes,original without dimension suffix
2026/07/onix-power-cut-04-generators-start.png,10301,onix-power-cut-04-generators-start.png,0,,POSSIBLY_REQUIRED,yes,original without dimension suffix
2026/07/onix-power-cut-05-data-centre-cutaway.png,10303,onix-power-cut-05-data-centre-cutaway.png,0,,POSSIBLY_REQUIRED,yes,original without dimension suffix
2026/07/onix-power-cut-06-business-continuity.png,10305,onix-power-cut-06-business-continuity.png,0,,POSSIBLY_REQUIRED,yes,original without dimension suffix