filename,path,type,mime,dimensions,size_bytes,likely_purpose,referenced_in_wp_content,duplicate_of,notes
AdobeStock_341274506_Preview.jpeg,wp-content/uploads/2021/10/AdobeStock_341274506_Preview.jpeg,jpeg,jpeg,,,image,unknown,,AdobeStock_341274506_Preview
onix-logo.png,wp-content/uploads/2021/10/onix-logo.png,png,png,,,logo,unknown,,onix logo
cropped-onix-logo.png,wp-content/uploads/2021/10/cropped-onix-logo.png,png,png,,,logo,yes,,cropped-onix-logo.png
cropped-cropped-onix-logo.png,wp-content/uploads/2021/10/cropped-cropped-onix-logo.png,png,png,,,logo,yes,,cropped-cropped-onix-logo.png
AdobeStock_341274506_Preview-1.jpeg,wp-content/uploads/2021/10/AdobeStock_341274506_Preview-1.jpeg,jpeg,jpeg,,,image,unknown,,AdobeStock_341274506_Preview
business-black-office-businessman-man-laptop-coach-coaching-entrepreneur_t20_PJ2ZX7-scaled.jpg,wp-content/uploads/2021/10/business-black-office-businessman-man-laptop-coach-coaching-entrepreneur_t20_PJ2ZX7-scaled.jpg,jpg,jpg,,,image,unknown,,business-black-office-businessman-man-laptop-coach-coaching-entrepreneur_t20_PJ2
onix_red.png,wp-content/uploads/2021/10/onix_red.png,png,png,,,image,unknown,,onix_red
data-center-server-cloud-technology-network-business-digital-system-line-database-service-security_t20_E0e9P4-scaled.jpg,wp-content/uploads/2021/10/data-center-server-cloud-technology-network-business-digital-system-line-database-service-security_t20_E0e9P4-scaled.jpg,jpg,jpg,,,image,unknown,,Data center drawing Business technology concept Digital design Futuristic inform
image-removebg-preview-2.png,wp-content/uploads/2021/10/image-removebg-preview-2.png,png,png,,,image,yes,,image-removebg-preview (2)
SIEMENS.jpg,wp-content/uploads/2021/10/SIEMENS.jpg,jpg,jpg,,,image,yes,,SIEMENS
KOHLER.jpeg,wp-content/uploads/2021/10/KOHLER.jpeg,jpeg,jpeg,,,image,yes,,KOHLER
Schneider.jpeg,wp-content/uploads/2021/10/Schneider.jpeg,jpeg,jpeg,,,image,yes,,Schneider
EATON.jpeg,wp-content/uploads/2021/10/EATON.jpeg,jpeg,jpeg,,,image,yes,,EATON
DAIKIN.jpeg,wp-content/uploads/2021/10/DAIKIN.jpeg,jpeg,jpeg,,,image,yes,,DAIKIN
CKR.jpeg,wp-content/uploads/2021/10/CKR.jpeg,jpeg,jpeg,,,image,yes,,CKR
AIIM-e1651824136624.png,wp-content/uploads/2021/10/AIIM-e1651824136624.png,png,png,,,image,unknown,,AIIM
Vertiv.jpeg,wp-content/uploads/2021/10/Vertiv.jpeg,jpeg,jpeg,,,image,yes,,Vertiv
Uptime.jpeg,wp-content/uploads/2021/10/Uptime.jpeg,jpeg,jpeg,,,image,yes,,Uptime
modern-essentials-798265-unsplash.jpg,wp-content/uploads/2021/10/modern-essentials-798265-unsplash.jpg,jpg,jpg,,,image,unknown,,modern-essentials-798265-unsplash.jpg
modern-essentials-792821-unsplash.jpg,wp-content/uploads/2021/10/modern-essentials-792821-unsplash.jpg,jpg,jpg,,,image,unknown,,modern-essentials-792821-unsplash.jpg
modern-essentials-1064966-unsplash.jpg,wp-content/uploads/2021/10/modern-essentials-1064966-unsplash.jpg,jpg,jpg,,,image,unknown,,modern-essentials-1064966-unsplash.jpg
austin-johnson-275715-unsplash.jpg,wp-content/uploads/2021/10/austin-johnson-275715-unsplash.jpg,jpg,jpg,,,image,unknown,,austin-johnson-275715-unsplash.jpg
zz-teammember.jpg,wp-content/uploads/2021/10/zz-teammember.jpg,jpg,jpg,,,team/leadership,unknown,,zz-teammember.jpg
placeholder.png,wp-content/uploads/2021/10/placeholder.png,png,png,,,image,unknown,possible duplicate (3 files),placeholder.png
zz-teammember2.jpg,wp-content/uploads/2021/10/zz-teammember2.jpg,jpg,jpg,,,team/leadership,unknown,,zz-teammember2.jpg
zz-teammember-1.jpg,wp-content/uploads/2021/10/zz-teammember-1.jpg,jpg,jpg,,,team/leadership,unknown,,zz-teammember.jpg
zz-teammember4.jpg,wp-content/uploads/2021/10/zz-teammember4.jpg,jpg,jpg,,,team/leadership,unknown,,zz-teammember4.jpg
zz-teammember2-1.jpg,wp-content/uploads/2021/10/zz-teammember2-1.jpg,jpg,jpg,,,team/leadership,unknown,,zz-teammember2.jpg
zz-teammember3.jpg,wp-content/uploads/2021/10/zz-teammember3.jpg,jpg,jpg,,,team/leadership,unknown,,zz-teammember3.jpg
zz-teammember4-1.jpg,wp-content/uploads/2021/10/zz-teammember4-1.jpg,jpg,jpg,,,team/leadership,unknown,,zz-teammember4.jpg
zz-teammember3-1.jpg,wp-content/uploads/2021/10/zz-teammember3-1.jpg,jpg,jpg,,,team/leadership,unknown,,zz-teammember3.jpg
placeholder-1.png,wp-content/uploads/2021/10/placeholder-1.png,png,png,,,image,unknown,possible duplicate (2 files),placeholder.png
placeholder-2.png,wp-content/uploads/2021/10/placeholder-2.png,png,png,,,image,unknown,possible duplicate (2 files),placeholder.png
placeholder-3.png,wp-content/uploads/2021/10/placeholder-3.png,png,png,,,image,unknown,possible duplicate (2 files),placeholder.png
placeholder-4.png,wp-content/uploads/2021/10/placeholder-4.png,png,png,,,image,unknown,possible duplicate (2 files),placeholder.png
ellyot-623921-unsplash.jpg,wp-content/uploads/2021/10/ellyot-623921-unsplash.jpg,jpg,jpg,,,image,unknown,,ellyot-623921-unsplash.jpg
placeholder-1-1.png,wp-content/uploads/2021/10/placeholder-1-1.png,png,png,,,image,unknown,,placeholder-1.png
nasa-63032-unsplash.jpg,wp-content/uploads/2021/10/nasa-63032-unsplash.jpg,jpg,jpg,,,image,unknown,,nasa-63032-unsplash.jpg
ellyot-623926-unsplash.jpg,wp-content/uploads/2021/10/ellyot-623926-unsplash.jpg,jpg,jpg,,,image,unknown,,ellyot-623926-unsplash.jpg
matheus-ferrero-216385.jpg,wp-content/uploads/2021/10/matheus-ferrero-216385.jpg,jpg,jpg,,,image,unknown,,matheus-ferrero-216385.jpg
giano-currie-268947-unsplash.jpg,wp-content/uploads/2021/10/giano-currie-268947-unsplash.jpg,jpg,jpg,,,image,unknown,,giano-currie-268947-unsplash.jpg
fabian-moller-401639-unsplash.jpg,wp-content/uploads/2021/10/fabian-moller-401639-unsplash.jpg,jpg,jpg,,,image,unknown,,fabian-moller-401639-unsplash.jpg
oladimeji-odunsi-367505-unsplash.jpg,wp-content/uploads/2021/10/oladimeji-odunsi-367505-unsplash.jpg,jpg,jpg,,,image,unknown,,oladimeji-odunsi-367505-unsplash.jpg
pexels-photo-1037915.jpeg,wp-content/uploads/2021/10/pexels-photo-1037915.jpeg,jpeg,jpeg,,,image,unknown,,pexels-photo-1037915.jpeg
man-crazy-funny-dude-45882.jpeg,wp-content/uploads/2021/10/man-crazy-funny-dude-45882.jpeg,jpeg,jpeg,,,image,unknown,,man-crazy-funny-dude-45882.jpeg
kermen-tutkunova-5771762unsplash.jpg,wp-content/uploads/2021/10/kermen-tutkunova-5771762unsplash.jpg,jpg,jpg,,,image,yes,,kermen-tutkunova-5771762unsplash.jpg
placeholder-5.png,wp-content/uploads/2021/10/placeholder-5.png,png,png,,,image,unknown,possible duplicate (2 files),placeholder.png
placeholder-6.png,wp-content/uploads/2021/10/placeholder-6.png,png,png,,,image,unknown,possible duplicate (2 files),placeholder.png
placeholder-7.png,wp-content/uploads/2021/10/placeholder-7.png,png,png,,,image,unknown,possible duplicate (2 files),placeholder.png
pexels-cristian-jako-4673599.jpg,wp-content/uploads/2021/10/pexels-cristian-jako-4673599.jpg,jpg,jpg,,,image,unknown,,pexels-cristian-jako-4673599.jpg
pumpkin-1838545_1920.jpg,wp-content/uploads/2021/10/pumpkin-1838545_1920.jpg,jpg,jpg,,,image,unknown,,pumpkin-1838545_1920.jpg
pexels-toni-friedemann-5233511-scaled-1.jpg,wp-content/uploads/2021/10/pexels-toni-friedemann-5233511-scaled-1.jpg,jpg,jpg,,,image,unknown,,pexels-toni-friedemann-5233511-scaled-1.jpg
pexels-amir-seilsepour-4383577-scaled-1.jpg,wp-content/uploads/2021/10/pexels-amir-seilsepour-4383577-scaled-1.jpg,jpg,jpg,,,image,unknown,,pexels-amir-seilsepour-4383577-scaled-1.jpg
dark-17604_1920.jpg,wp-content/uploads/2021/10/dark-17604_1920.jpg,jpg,jpg,,,image,unknown,,dark-17604_1920.jpg
AIIM.png,wp-content/uploads/2021/11/AIIM.png,png,png,,,image,unknown,,AIIM
blog-post.png,wp-content/uploads/2019/12/blog-post.png,png,png,,,image,yes,,blog-post
blog1.jpg,wp-content/uploads/2019/11/blog1.jpg,jpg,jpg,,,image,unknown,,blog1
connect-unconnected.jpg,wp-content/uploads/2020/12/connect-unconnected.jpg,jpg,jpg,,,image,unknown,,connect unconnected
broadband-blog.jpg,wp-content/uploads/2020/12/broadband-blog.jpg,jpg,jpg,,,image,unknown,,broadband blog
carrier-neutral.jpg,wp-content/uploads/2020/12/carrier-neutral.jpg,jpg,jpg,,,image,unknown,,carrier neutral
government-blog.jpg,wp-content/uploads/2020/12/government-blog.jpg,jpg,jpg,,,image,unknown,,government blog
challenges.jpg,wp-content/uploads/2020/12/challenges.jpg,jpg,jpg,,,image,unknown,,challenges
why-african.jpg,wp-content/uploads/2020/11/why-african.jpg,jpg,jpg,,,image,unknown,,why african
govt.jpg,wp-content/uploads/2020/12/govt.jpg,jpg,jpg,,,image,unknown,,govt
sun-africa-hand-telephone-mobile-phone-phone-ghana-samsung-mobile_t20_kLAw1K.jpg,wp-content/uploads/2021/01/sun-africa-hand-telephone-mobile-phone-phone-ghana-samsung-mobile_t20_kLAw1K.jpg,jpg,jpg,,,image,unknown,,sun-africa-hand-telephone-mobile-phone-phone-ghana-samsung-mobile_t20_kLAw1K
rural-scene-fruit-africa-kenya-farmer-market-bright-and-colorful-vendors-selling_t20_e968xm.jpg,wp-content/uploads/2021/01/rural-scene-fruit-africa-kenya-farmer-market-bright-and-colorful-vendors-selling_t20_e968xm.jpg,jpg,jpg,,,image,unknown,,rural-scene-fruit-africa-kenya-farmer-market-bright-and-colorful-vendors-selling
Logo-Revert-5-01-1.png,wp-content/uploads/2021/03/Logo-Revert-5-01-1.png,png,png,,,logo,unknown,,onix logo new
unnamed.png,wp-content/uploads/2021/03/unnamed.png,png,png,,,image,unknown,,AIIM New Logo
unnamed-1.png,wp-content/uploads/2021/03/unnamed-1.png,png,png,,,image,unknown,,unnamed
Africa-Data-image-1.jpg,wp-content/uploads/2021/04/Africa-Data-image-1.jpg,jpg,jpg,,,image,unknown,,Africa Data image (1)
unnamed-1.jpeg,wp-content/uploads/2021/06/unnamed-1.jpeg,jpeg,jpeg,,,image,yes,,unnamed (1)
unnamed-2.jpeg,wp-content/uploads/2021/06/unnamed-2.jpeg,jpeg,jpeg,,,image,yes,,unnamed (2)
Screenshot-2021-09-21-at-22.10.35.png,wp-content/uploads/2021/09/Screenshot-2021-09-21-at-22.10.35.png,png,png,,,image,yes,,ONIX On-Site Dedicated Solar Farm
pexels-red-zeppelin-4148472-scaled-1.jpg,wp-content/uploads/2021/09/pexels-red-zeppelin-4148472-scaled-1.jpg,jpg,jpg,,,image,unknown,,pexels-red-zeppelin-4148472
Screenshot-2021-11-15-at-13.55.02.png,wp-content/uploads/2021/11/Screenshot-2021-11-15-at-13.55.02.png,png,png,,,image,yes,,Screenshot 2021-11-15 at 13.55.02
Screenshot-2021-11-15-at-13.55.36.png,wp-content/uploads/2021/11/Screenshot-2021-11-15-at-13.55.36.png,png,png,,,image,unknown,,Screenshot 2021-11-15 at 13.55.36
Screenshot-2021-11-15-at-13.56.00.png,wp-content/uploads/2021/11/Screenshot-2021-11-15-at-13.56.00.png,png,png,,,image,yes,,Screenshot 2021-11-15 at 13.56.00
IMG_9501-scaled.jpg,wp-content/uploads/2021/12/IMG_9501-scaled.jpg,jpg,jpg,,,image,unknown,,IMG_9501
IMG_9718-scaled.jpg,wp-content/uploads/2021/12/IMG_9718-scaled.jpg,jpg,jpg,,,image,unknown,,IMG_9718
IMG_9482-scaled.jpg,wp-content/uploads/2021/12/IMG_9482-scaled.jpg,jpg,jpg,,,image,unknown,,IMG_9482
IMG_9754-scaled.jpg,wp-content/uploads/2021/12/IMG_9754-scaled.jpg,jpg,jpg,,,image,unknown,,IMG_9754
IMG_9788-scaled.jpg,wp-content/uploads/2021/12/IMG_9788-scaled.jpg,jpg,jpg,,,image,unknown,,IMG_9788
IMG_9501-1-scaled.jpg,wp-content/uploads/2021/12/IMG_9501-1-scaled.jpg,jpg,jpg,,,image,unknown,,IMG_9501
IMG_9660-scaled.jpg,wp-content/uploads/2021/12/IMG_9660-scaled.jpg,jpg,jpg,,,image,yes,,IMG_9660
pexels-christina-morillo-1181354-scaled.jpg,wp-content/uploads/2021/12/pexels-christina-morillo-1181354-scaled.jpg,jpg,jpg,,,image,unknown,possible duplicate (2 files),pexels-christina-morillo-1181354
CKR-Logo-CMYK-clr-Christopher-Hayes.png,wp-content/uploads/2022/05/CKR-Logo-CMYK-clr-Christopher-Hayes.png,png,png,,,logo,unknown,,CKR-Logo-CMYK-clr-Christopher-Hayes
AIIM-1.png,wp-content/uploads/2022/05/AIIM-1.png,png,png,,,image,unknown,,AIIM (1)
aim_new.jpg,wp-content/uploads/2022/05/aim_new.jpg,jpg,jpg,,,image,yes,,aim_new
ckr-new.jpg,wp-content/uploads/2022/05/ckr-new.jpg,jpg,jpg,,,image,yes,,ckr new
onix-dc-solar.jpg,wp-content/uploads/2022/10/onix-dc-solar.jpg,jpg,jpg,,,image,unknown,,Onix Data Centre and solar farm
IMG_9806.jpg,wp-content/uploads/2022/10/IMG_9806.jpg,jpg,jpg,,,image,unknown,,IMG_9806
Onix-security.png,wp-content/uploads/2022/10/Onix-security.png,png,png,,,image,unknown,,Onix security
Onix-new-logo.png,wp-content/uploads/2022/11/Onix-new-logo.png,png,png,,,logo,unknown,,Onix new logo
Privacy-Policy.zip,wp-content/uploads/2022/11/Privacy-Policy.zip,zip,zip,,,general,yes,,Privacy Policy
Onix_white_logo.png,wp-content/uploads/2022/11/Onix_white_logo.png,png,png,,,logo,yes,,Onix_white_logo
africom.jpeg,wp-content/uploads/2022/11/africom.jpeg,jpeg,jpeg,,,image,unknown,,africom
liquid-onix.jpeg,wp-content/uploads/2022/11/liquid-onix.jpeg,jpeg,jpeg,,,image,unknown,,liquid-onix
onix-africa-tech.jpeg,wp-content/uploads/2022/11/onix-africa-tech.jpeg,jpeg,jpeg,,,image,unknown,,onix africa tech
Onix-Team-at-Africa-Tech-Festival.jpeg,wp-content/uploads/2022/11/Onix-Team-at-Africa-Tech-Festival.jpeg,jpeg,jpeg,,,team/leadership,unknown,,Onix Team at Africa Tech Festival
Onix-Team-on-Banner.jpeg,wp-content/uploads/2022/11/Onix-Team-on-Banner.jpeg,jpeg,jpeg,,,team/leadership,unknown,,Onix Team on Banner
cropped-Onix-new-logo.png,wp-content/uploads/2022/11/cropped-Onix-new-logo.png,png,png,,,logo,yes,,cropped-Onix-new-logo.png
onix-iso-certification-image-e1671529932223.jpeg,wp-content/uploads/2022/12/onix-iso-certification-image-e1671529932223.jpeg,jpeg,jpeg,,,image,unknown,,onix iso certification image
Image_Placeholder_Hero.jpeg,wp-content/uploads/2022/12/Image_Placeholder_Hero.jpeg,jpeg,jpeg,,,hero/banner,unknown,,Image_Placeholder_Hero.jpeg
Image_Placeholder-about.jpeg,wp-content/uploads/2022/12/Image_Placeholder-about.jpeg,jpeg,jpeg,,,image,unknown,,Image_Placeholder-about.jpeg
Image-Testemonials.jpeg,wp-content/uploads/2022/12/Image-Testemonials.jpeg,jpeg,jpeg,,,image,unknown,,Image-Testemonials.jpeg
pexels-christina-morillo-1181354-scaled.jpg,wp-content/uploads/2022/12/pexels-christina-morillo-1181354-scaled.jpg,jpg,jpg,,,image,unknown,possible duplicate (2 files),pexels-christina-morillo-1181354
pexels-brett-sayles-4508751-scaled.jpg,wp-content/uploads/2022/12/pexels-brett-sayles-4508751-scaled.jpg,jpg,jpg,,,image,unknown,,pexels-brett-sayles-4508751
Woman-using-laptop-at-the-data-center.png,wp-content/uploads/2022/12/Woman-using-laptop-at-the-data-center.png,png,png,,,image,unknown,,Woman using laptop at the data center
Woman-at-a-data-center-scaled.jpg,wp-content/uploads/2022/12/Woman-at-a-data-center-scaled.jpg,jpg,jpg,,,image,unknown,,Woman at a data center
pexels-brett-sayles-5203849-scaled.jpg,wp-content/uploads/2022/12/pexels-brett-sayles-5203849-scaled.jpg,jpg,jpg,,,image,unknown,,pexels-brett-sayles-5203849
pexels-rene-asmussen-13821206-scaled.jpg,wp-content/uploads/2022/12/pexels-rene-asmussen-13821206-scaled.jpg,jpg,jpg,,,image,unknown,,pexels-rene-asmussen-13821206
ONIX-logo-png.png,wp-content/uploads/2022/12/ONIX-logo-png.png,png,png,,,logo,yes,possible duplicate (2 files),ONIX logo png
rawpixel-558597-unsplash.jpg,wp-content/uploads/2022/12/rawpixel-558597-unsplash.jpg,jpg,jpg,,,image,unknown,,rawpixel-558597-unsplash.jpg
rawpixel-799380-unsplash.jpg,wp-content/uploads/2022/12/rawpixel-799380-unsplash.jpg,jpg,jpg,,,image,unknown,,rawpixel-799380-unsplash.jpg
rawpixel-653764-unsplash.jpg,wp-content/uploads/2022/12/rawpixel-653764-unsplash.jpg,jpg,jpg,,,image,unknown,,rawpixel-653764-unsplash.jpg
jason-blackeye-262295-unsplash.jpg,wp-content/uploads/2022/12/jason-blackeye-262295-unsplash.jpg,jpg,jpg,,,image,unknown,,jason-blackeye-262295-unsplash.jpg
rawpixel-557123-unsplash.jpg,wp-content/uploads/2022/12/rawpixel-557123-unsplash.jpg,jpg,jpg,,,image,unknown,,rawpixel-557123-unsplash.jpg
ava1.png,wp-content/uploads/2022/12/ava1.png,png,png,,,image,unknown,,ava1.png
y11.png,wp-content/uploads/2022/12/y11.png,png,png,,,image,unknown,,y11.png
rawpixel-752537-unsplash-1.jpg,wp-content/uploads/2022/12/rawpixel-752537-unsplash-1.jpg,jpg,jpg,,,image,unknown,,rawpixel-752537-unsplash-1.jpg
torres-del-paine-mountains-granite-granite-rock-57456.jpeg,wp-content/uploads/2022/12/torres-del-paine-mountains-granite-granite-rock-57456.jpeg,jpeg,jpeg,,,image,unknown,,torres-del-paine-mountains-granite-granite-rock-57456.jpeg
pexels-photo-1103970.jpeg,wp-content/uploads/2022/12/pexels-photo-1103970.jpeg,jpeg,jpeg,,,image,unknown,,pexels-photo-1103970.jpeg
linebgoverlay.png,wp-content/uploads/2022/12/linebgoverlay.png,png,png,,,image,unknown,,linebgoverlay.png
sharon-mccutcheon-571408-unsplash.jpg,wp-content/uploads/2022/12/sharon-mccutcheon-571408-unsplash.jpg,jpg,jpg,,,image,unknown,,sharon-mccutcheon-571408-unsplash.jpg
halanna-halila-557324-unsplash.jpg,wp-content/uploads/2022/12/halanna-halila-557324-unsplash.jpg,jpg,jpg,,,image,unknown,,halanna-halila-557324-unsplash.jpg
rawpixel-604751-unsplash.jpg,wp-content/uploads/2022/12/rawpixel-604751-unsplash.jpg,jpg,jpg,,,image,unknown,,rawpixel-604751-unsplash.jpg
pexels-photo-667205.jpeg,wp-content/uploads/2022/12/pexels-photo-667205.jpeg,jpeg,jpeg,,,image,unknown,,pexels-photo-667205.jpeg
kane-reinholdtsen-188778-unsplash.jpg,wp-content/uploads/2022/12/kane-reinholdtsen-188778-unsplash.jpg,jpg,jpg,,,image,unknown,,kane-reinholdtsen-188778-unsplash.jpg
aaron-burden-25846-unsplash.jpg,wp-content/uploads/2022/12/aaron-burden-25846-unsplash.jpg,jpg,jpg,,,image,unknown,,aaron-burden-25846-unsplash.jpg
rawpixel-693037-unsplash.jpg,wp-content/uploads/2022/12/rawpixel-693037-unsplash.jpg,jpg,jpg,,,image,unknown,,rawpixel-693037-unsplash.jpg
hector-martinez-110928-unsplash.jpg,wp-content/uploads/2022/12/hector-martinez-110928-unsplash.jpg,jpg,jpg,,,image,unknown,,hector-martinez-110928-unsplash.jpg
business-partners-shaking-hands-agreement-scaled.jpg,wp-content/uploads/2022/12/business-partners-shaking-hands-agreement-scaled.jpg,jpg,jpg,,,image,unknown,,Business partners shaking hands in agreement
ONIX-logo-white.png,wp-content/uploads/2022/12/ONIX-logo-white.png,png,png,,,logo,unknown,,ONIX logo white
ONIX-logo-red.png,wp-content/uploads/2022/12/ONIX-logo-red.png,png,png,,,logo,unknown,,ONIX logo red
ONIX-icon.png,wp-content/uploads/2022/12/ONIX-icon.png,png,png,,,image,unknown,,ONIX icon
cropped-ONIX-icon.png,wp-content/uploads/2022/12/cropped-ONIX-icon.png,png,png,,,image,yes,,cropped-ONIX-icon.png
ONIX-icon-red.png,wp-content/uploads/2022/12/ONIX-icon-red.png,png,png,,,image,unknown,,ONIX icon red
cropped-ONIX-icon-red.png,wp-content/uploads/2022/12/cropped-ONIX-icon-red.png,png,png,,,image,yes,,cropped-ONIX-icon-red.png
cropped-ONIX-logo-red.png,wp-content/uploads/2022/12/cropped-ONIX-logo-red.png,png,png,,,logo,yes,,cropped-ONIX-logo-red.png
Ghana-flag.png,wp-content/uploads/2022/12/Ghana-flag.png,png,png,,,image,yes,,Ghana flag
Senegal-flag.png,wp-content/uploads/2022/12/Senegal-flag.png,png,png,,,image,yes,,Senegal flag
ava2.png,wp-content/uploads/2023/01/ava2.png,png,png,,,image,unknown,,ava2.png
ava4.png,wp-content/uploads/2023/01/ava4.png,png,png,,,image,unknown,,ava4.png
lee-miller-47629-unsplash.jpg,wp-content/uploads/2023/01/lee-miller-47629-unsplash.jpg,jpg,jpg,,,image,unknown,,lee-miller-47629-unsplash.jpg
dot.png,wp-content/uploads/2023/01/dot.png,png,png,,,image,unknown,,dot.png
lion-animal-nature-predator-40835.jpeg,wp-content/uploads/2023/01/lion-animal-nature-predator-40835.jpeg,jpeg,jpeg,,,image,yes,,lion-animal-nature-predator-40835.jpeg
ONIX-DATA-CENTER-KEELSON-STUDIOS-5-scaled.jpg,wp-content/uploads/2023/01/ONIX-DATA-CENTER-KEELSON-STUDIOS-5-scaled.jpg,jpg,jpg,,,image,yes,,ONIX DATA CENTER- KEELSON STUDIOS-5
ONIX-DATA-CENTER-KEELSON-STUDIOS-2.png,wp-content/uploads/2023/01/ONIX-DATA-CENTER-KEELSON-STUDIOS-2.png,png,png,,,image,unknown,,ONIX DATA CENTER- KEELSON STUDIOS-2
ONIX-DATA-CENTER-KEELSON-STUDIOS-40-scaled.jpg,wp-content/uploads/2023/01/ONIX-DATA-CENTER-KEELSON-STUDIOS-40-scaled.jpg,jpg,jpg,,,image,unknown,,ONIX DATA CENTER- KEELSON STUDIOS-40
ONIX-DATA-CENTER-KEELSON-STUDIOS-62-scaled.jpg,wp-content/uploads/2023/01/ONIX-DATA-CENTER-KEELSON-STUDIOS-62-scaled.jpg,jpg,jpg,,,image,unknown,possible duplicate (4 files),Inside the Onix Data Centre
ONIX-DATA-CENTER-KEELSON-STUDIOS-2-scaled.jpg,wp-content/uploads/2023/01/ONIX-DATA-CENTER-KEELSON-STUDIOS-2-scaled.jpg,jpg,jpg,,,image,yes,possible duplicate (2 files),"Onix Data Centre, Accra"
ONIX-DATA-CENTER-KEELSON-STUDIOS-42-scaled.jpg,wp-content/uploads/2023/01/ONIX-DATA-CENTER-KEELSON-STUDIOS-42-scaled.jpg,jpg,jpg,,,image,unknown,,ONIX DATA CENTER- KEELSON STUDIOS-42
ONIX-DATA-CENTER-KEELSON-STUDIOS-43-scaled.jpg,wp-content/uploads/2023/01/ONIX-DATA-CENTER-KEELSON-STUDIOS-43-scaled.jpg,jpg,jpg,,,image,unknown,,ONIX DATA CENTER- KEELSON STUDIOS-43
ONIX-DATA-CENTER-KEELSON-STUDIOS-83-scaled.jpg,wp-content/uploads/2023/01/ONIX-DATA-CENTER-KEELSON-STUDIOS-83-scaled.jpg,jpg,jpg,,,image,yes,,ONIX DATA CENTER- KEELSON STUDIOS-83
ONIX-DATA-CENTER-KEELSON-STUDIOS-51-scaled.jpg,wp-content/uploads/2023/01/ONIX-DATA-CENTER-KEELSON-STUDIOS-51-scaled.jpg,jpg,jpg,,,image,yes,,ONIX DATA CENTER- KEELSON STUDIOS-51
ONIX-DATA-CENTER-KEELSON-STUDIOS-17-scaled.jpg,wp-content/uploads/2023/01/ONIX-DATA-CENTER-KEELSON-STUDIOS-17-scaled.jpg,jpg,jpg,,,image,unknown,,ONIX DATA CENTER- KEELSON STUDIOS-17
ONIX-DATA-CENTER-KEELSON-STUDIOS-75-scaled.jpg,wp-content/uploads/2023/01/ONIX-DATA-CENTER-KEELSON-STUDIOS-75-scaled.jpg,jpg,jpg,,,image,unknown,,ONIX DATA CENTER- KEELSON STUDIOS-75
ONIX-DATA-CENTER-KEELSON-STUDIOS-3-scaled.jpg,wp-content/uploads/2023/01/ONIX-DATA-CENTER-KEELSON-STUDIOS-3-scaled.jpg,jpg,jpg,,,image,yes,,ONIX DATA CENTER- KEELSON STUDIOS-3
ONIX-DATA-CENTER-KEELSON-STUDIOS-9-scaled.jpg,wp-content/uploads/2023/01/ONIX-DATA-CENTER-KEELSON-STUDIOS-9-scaled.jpg,jpg,jpg,,,image,unknown,,ONIX DATA CENTER- KEELSON STUDIOS-9
team-1.jpg,wp-content/uploads/2023/02/team-1.jpg,jpg,jpg,,,team/leadership,yes,,team-1.jpg
team-4.jpg,wp-content/uploads/2023/02/team-4.jpg,jpg,jpg,,,team/leadership,yes,,team-4.jpg
team-3.jpg,wp-content/uploads/2023/02/team-3.jpg,jpg,jpg,,,team/leadership,yes,,team-3.jpg
team-5.jpg,wp-content/uploads/2023/02/team-5.jpg,jpg,jpg,,,team/leadership,yes,,team-5.jpg
team-2.jpg,wp-content/uploads/2023/02/team-2.jpg,jpg,jpg,,,team/leadership,yes,,team-2.jpg
ONIX-DATA-CENTER-KEELSON-STUDIOS-68-scaled.jpg,wp-content/uploads/2023/02/ONIX-DATA-CENTER-KEELSON-STUDIOS-68-scaled.jpg,jpg,jpg,,,image,unknown,,ONIX DATA CENTER- KEELSON STUDIOS-68
WhatsApp-Image-2023-02-16-at-23.36.54.jpeg,wp-content/uploads/2023/02/WhatsApp-Image-2023-02-16-at-23.36.54.jpeg,jpeg,jpeg,,,image,unknown,,WhatsApp Image 2023-02-16 at 23.36.54
A7R9115-scaled.jpg,wp-content/uploads/2023/02/A7R9115-scaled.jpg,jpg,jpg,,,image,unknown,,_A7R9115
DSC06268-scaled.jpg,wp-content/uploads/2023/02/DSC06268-scaled.jpg,jpg,jpg,,,image,unknown,,DSC06268
DSC06855-scaled.jpg,wp-content/uploads/2023/02/DSC06855-scaled.jpg,jpg,jpg,,,image,unknown,,DSC06855
ONIX-DATA-CENTER-KEELSON-STUDIOS-71-scaled.jpg,wp-content/uploads/2023/03/ONIX-DATA-CENTER-KEELSON-STUDIOS-71-scaled.jpg,jpg,jpg,,,image,unknown,,ONIX DATA CENTER- KEELSON STUDIOS-71
ONIX-DATA-CENTER-KEELSON-STUDIOS-2-scaled.jpg,wp-content/uploads/2023/03/ONIX-DATA-CENTER-KEELSON-STUDIOS-2-scaled.jpg,jpg,jpg,,,image,unknown,possible duplicate (2 files),ONIX DATA CENTER
ONIX-DATA-CENTER-KEELSON-STUDIOS-59-scaled.jpg,wp-content/uploads/2023/03/ONIX-DATA-CENTER-KEELSON-STUDIOS-59-scaled.jpg,jpg,jpg,,,image,unknown,possible duplicate (2 files),Onix data centre Ghana solar farm
ONIX-DATA-CENTER-KEELSON-STUDIOS-62-scaled.jpg,wp-content/uploads/2023/03/ONIX-DATA-CENTER-KEELSON-STUDIOS-62-scaled.jpg,jpg,jpg,,,image,unknown,possible duplicate (4 files),Onix colocation racks
ISO-9001.png,wp-content/uploads/2023/03/ISO-9001.png,png,png,,,image,unknown,,ISO 9001
ISO-IEC-27001.png,wp-content/uploads/2023/03/ISO-IEC-27001.png,png,png,,,image,unknown,,ISO-IEC 27001
PCI-DSS.png,wp-content/uploads/2023/03/PCI-DSS.png,png,png,,,image,unknown,,PCI-DSS
Tier-IV-facility.png,wp-content/uploads/2023/03/Tier-IV-facility.png,png,png,,,image,unknown,,Tier IV facility
CCDOC.png,wp-content/uploads/2023/03/CCDOC.png,png,png,,,image,yes,,CCDOC
Diesel-electric.png,wp-content/uploads/2023/03/Diesel-electric.png,png,png,,,image,yes,,Diesel electric
Infoprive.png,wp-content/uploads/2023/03/Infoprive.png,png,png,,,image,yes,,Infoprive
La-Colomb.png,wp-content/uploads/2023/03/La-Colomb.png,png,png,,,image,yes,,La Colomb
LEGRAND.png,wp-content/uploads/2023/03/LEGRAND.png,png,png,,,image,yes,,LEGRAND
Minkels.png,wp-content/uploads/2023/03/Minkels.png,png,png,,,image,yes,,Minkels
rawpixel-797131-unsplash.jpg,wp-content/uploads/2023/03/rawpixel-797131-unsplash.jpg,jpg,jpg,,,image,unknown,,rawpixel-797131-unsplash.jpg
ONIX-DATA-CENTER-KEELSON-STUDIOS-61-scaled.jpg,wp-content/uploads/2023/03/ONIX-DATA-CENTER-KEELSON-STUDIOS-61-scaled.jpg,jpg,jpg,,,image,unknown,,ONIX DATA CENTER- KEELSON STUDIOS-61
DSC06633-scaled.jpg,wp-content/uploads/2023/03/DSC06633-scaled.jpg,jpg,jpg,,,image,unknown,,Mamadou Kebe - Onix Managing Director speaking at Onix Senegal Launch
20230213_183339-scaled.jpg,wp-content/uploads/2023/03/20230213_183339-scaled.jpg,jpg,jpg,,,image,unknown,,"Africa's most westerly point in Dakar, Senegal"
ONIX-DATA-CENTER-KEELSON-STUDIOS-62-scaled.jpg,wp-content/uploads/2023/04/ONIX-DATA-CENTER-KEELSON-STUDIOS-62-scaled.jpg,jpg,jpg,,,image,unknown,possible duplicate (4 files),ONIX-DATA-CENTER-KEELSON-STUDIOS-62
WhatsApp-Image-2023-04-18-at-20.22.41.jpeg,wp-content/uploads/2023/04/WhatsApp-Image-2023-04-18-at-20.22.41.jpeg,jpeg,jpeg,,,image,unknown,,Onix Data centre Cold Aisle Containment
WhatsApp-Image-2023-04-19-at-10.44.41.jpeg,wp-content/uploads/2023/04/WhatsApp-Image-2023-04-19-at-10.44.41.jpeg,jpeg,jpeg,,,image,unknown,,Onix Data centre Cold Aisle Containment
ONIX-DATA-3.jpg,wp-content/uploads/2023/04/ONIX-DATA-3.jpg,jpg,jpg,,,image,unknown,,Onix Data centre Cold Aisle Containment
ONIX-DATA-CENTER-KEELSON-STUDIOS-77-scaled.jpg,wp-content/uploads/2023/05/ONIX-DATA-CENTER-KEELSON-STUDIOS-77-scaled.jpg,jpg,jpg,,,image,unknown,,ONIX-DATA-CENTER-KEELSON-STUDIOS-77
ONIX-DATA-CENTER-KEELSON-STUDIOS-88-scaled.jpg,wp-content/uploads/2023/05/ONIX-DATA-CENTER-KEELSON-STUDIOS-88-scaled.jpg,jpg,jpg,,,image,unknown,,ONIX-DATA-CENTER-KEELSON-STUDIOS-88
ONIX-DATA-CENTER-KEELSON-STUDIOS-62-scaled.jpg,wp-content/uploads/2023/05/ONIX-DATA-CENTER-KEELSON-STUDIOS-62-scaled.jpg,jpg,jpg,,,image,unknown,possible duplicate (4 files),ONIX-DATA-CENTER-KEELSON-STUDIOS-62
image0.jpeg,wp-content/uploads/2023/05/image0.jpeg,jpeg,jpeg,,,image,unknown,possible duplicate (2 files),image0
WhatsApp-Image-2023-05-11-at-10.06.02.jpeg,wp-content/uploads/2023/05/WhatsApp-Image-2023-05-11-at-10.06.02.jpeg,jpeg,jpeg,,,image,unknown,,"The Onix Senegal team, meeting to discuss data centre design"
james-gillespie-714755-unsplash.jpg,wp-content/uploads/2023/05/james-gillespie-714755-unsplash.jpg,jpg,jpg,,,image,unknown,,james-gillespie-714755-unsplash.jpg
head51.jpg,wp-content/uploads/2023/05/head51.jpg,jpg,jpg,,,image,unknown,,head51.jpg
ONIX-DATA-CENTER-KEELSON-STUDIOS-36-scaled.jpg,wp-content/uploads/2023/05/ONIX-DATA-CENTER-KEELSON-STUDIOS-36-scaled.jpg,jpg,jpg,,,image,unknown,,ONIX DATA CENTER- KEELSON STUDIOS-36
ONIX-DATA-CENTER-KEELSON-STUDIOS-57-scaled.jpg,wp-content/uploads/2023/05/ONIX-DATA-CENTER-KEELSON-STUDIOS-57-scaled.jpg,jpg,jpg,,,image,unknown,,ONIX DATA CENTER- KEELSON STUDIOS-57
ONIX-DATA-CENTER-KEELSON-STUDIOS-58-scaled.jpg,wp-content/uploads/2023/05/ONIX-DATA-CENTER-KEELSON-STUDIOS-58-scaled.jpg,jpg,jpg,,,image,unknown,,ONIX DATA CENTER- KEELSON STUDIOS-58
ONIX-DATA-CENTER-KEELSON-STUDIOS-59-scaled.jpg,wp-content/uploads/2023/05/ONIX-DATA-CENTER-KEELSON-STUDIOS-59-scaled.jpg,jpg,jpg,,,image,unknown,possible duplicate (2 files),Onix Data Centre Solar Farm
Edem-Scott.jpg,wp-content/uploads/2023/05/Edem-Scott.jpg,jpg,jpg,,,image,yes,,Edem Scott
Kevin-Opata.jpg,wp-content/uploads/2023/05/Kevin-Opata.jpg,jpg,jpg,,,image,yes,possible duplicate (2 files),Kevin Opata
Michael-Thompson.jpg,wp-content/uploads/2023/05/Michael-Thompson.jpg,jpg,jpg,,,image,yes,,Michael Thompson
Serwaah-Kankam.jpg,wp-content/uploads/2023/05/Serwaah-Kankam.jpg,jpg,jpg,,,image,yes,,Serwaah Kankam
Stephen-Appiah-Fordjou.jpg,wp-content/uploads/2023/05/Stephen-Appiah-Fordjou.jpg,jpg,jpg,,,image,yes,,Stephen Appiah Fordjou
aaaaa.png,wp-content/uploads/2023/05/aaaaa.png,png,png,,,image,unknown,,aaaaa
ONIX-fire-suppression-system-copy-1.jpg,wp-content/uploads/2023/05/ONIX-fire-suppression-system-copy-1.jpg,jpg,jpg,,,image,unknown,,ONIX fire suppression system copy (1)
shield.png,wp-content/uploads/2023/05/shield.png,png,png,,,image,yes,,shield
Cybersecurity-Act-2020-Act-1038.pdf,wp-content/uploads/2023/05/Cybersecurity-Act-2020-Act-1038.pdf,pdf,pdf,,,document/brochure,yes,,Cybersecurity-Act-2020-Act-1038
data-protection-act-2012-act-843.pdf,wp-content/uploads/2023/05/data-protection-act-2012-act-843.pdf,pdf,pdf,,,document/brochure,yes,,data-protection-act-2012-act-843
ONIXDC-ISMS-A1801-Legal-Responsibilities-Policy.pdf,wp-content/uploads/2023/05/ONIXDC-ISMS-A1801-Legal-Responsibilities-Policy.pdf,pdf,pdf,,,document/brochure,yes,,ONIXDC-ISMS-A1801 Legal Responsibilities Policy
The-Regulation-of-Investigatory-Powers-Act-2000.pdf,wp-content/uploads/2023/05/The-Regulation-of-Investigatory-Powers-Act-2000.pdf,pdf,pdf,,,document/brochure,yes,,The Regulation of Investigatory Powers Act 2000
CO2.svg,wp-content/uploads/2023/05/CO2.svg,svg,svg,,,image,yes,,CO2
Growing-plant.svg,wp-content/uploads/2023/05/Growing-plant.svg,svg,svg,,,image,yes,,Growing plant
Reverse-osmosis.svg,wp-content/uploads/2023/05/Reverse-osmosis.svg,svg,svg,,,image,yes,,Reverse osmosis
Onix-Backup-Power-solutions.jpg,wp-content/uploads/2023/06/Onix-Backup-Power-solutions.jpg,jpg,jpg,,,image,unknown,,Onix Backup Power solutions
ONIX-DATA-CENTER-KEELSON-STUDIOS-6-scaled.jpg,wp-content/uploads/2023/06/ONIX-DATA-CENTER-KEELSON-STUDIOS-6-scaled.jpg,jpg,jpg,,,image,unknown,,ONIX-DATA-CENTER-KEELSON-STUDIOS-6
CO2-reduction.png,wp-content/uploads/2023/08/CO2-reduction.png,png,png,,,image,yes,,CO2 reduction
ONIX-Cooling-system.png,wp-content/uploads/2023/08/ONIX-Cooling-system.png,png,png,,,image,yes,,ONIX Cooling system
ONIX-sustainability.png,wp-content/uploads/2023/08/ONIX-sustainability.png,png,png,,,image,yes,,ONIX sustainability
solar-power.png,wp-content/uploads/2023/08/solar-power.png,png,png,,,image,yes,,solar power
Waste-bin-2.png,wp-content/uploads/2023/08/Waste-bin-2.png,png,png,,,image,yes,,Waste bin 2
water.png,wp-content/uploads/2023/08/water.png,png,png,,,image,yes,,water
LeornardMcKinlay.jpg,wp-content/uploads/2023/08/LeornardMcKinlay.jpg,jpg,jpg,,,image,yes,,LeornardMcKinlay
Samuel-Polley.jpeg,wp-content/uploads/2023/10/Samuel-Polley.jpeg,jpeg,jpeg,,,image,unknown,,Samuel Polley
Mamadou-KEBE.jpeg,wp-content/uploads/2023/10/Mamadou-KEBE.jpeg,jpeg,jpeg,,,image,yes,,Mamadou KEBE
Bara-Awa-Fall.jpeg,wp-content/uploads/2023/10/Bara-Awa-Fall.jpeg,jpeg,jpeg,,,image,yes,,Bara Awa Fall
IMS-Simplified.pdf,wp-content/uploads/2023/11/IMS-Simplified.pdf,pdf,pdf,,,document/brochure,yes,,IMS Simplified
Brett-Tucker.jpeg,wp-content/uploads/2023/11/Brett-Tucker.jpeg,jpeg,jpeg,,,image,unknown,,Brett Tucker
1615925299725.jpeg,wp-content/uploads/2023/11/1615925299725.jpeg,jpeg,jpeg,,,image,yes,,1615925299725
cloud-storage-banner-background-Large.jpeg,wp-content/uploads/2023/11/cloud-storage-banner-background-Large.jpeg,jpeg,jpeg,,,hero/banner,unknown,,NCCS Discover Supercomputer. Original from NASA. Digitally enhan
Header-background.png,wp-content/uploads/2023/11/Header-background.png,png,png,,,image,unknown,,Header background
Frame-1.png,wp-content/uploads/2023/11/Frame-1.png,png,png,,,image,yes,,Frame 1
cloud-storage-background-remixed-from-public-domain-by-nasa-Large.jpeg,wp-content/uploads/2023/11/cloud-storage-background-remixed-from-public-domain-by-nasa-Large.jpeg,jpeg,jpeg,,,image,unknown,,"Cloud storage background, remixed from public domain by Nasa"
standard-quality-control-collage-concept-Large.jpeg,wp-content/uploads/2023/11/standard-quality-control-collage-concept-Large.jpeg,jpeg,jpeg,,,image,unknown,,standard-quality-control-collage-concept Large
Kevin-Opata.jpg,wp-content/uploads/2024/02/Kevin-Opata.jpg,jpg,jpg,,,image,unknown,possible duplicate (2 files),Kevin Opata
Michael-Offei-Thompson.jpg,wp-content/uploads/2024/02/Michael-Offei-Thompson.jpg,jpg,jpg,,,image,unknown,,Michael Offei Thompson
Stephen-Appiah-Fordjour.jpg,wp-content/uploads/2024/02/Stephen-Appiah-Fordjour.jpg,jpg,jpg,,,image,unknown,,Stephen Appiah-Fordjour
Yen-Choi.jpg,wp-content/uploads/2024/02/Yen-Choi.jpg,jpg,jpg,,,image,unknown,,Yen Choi
Edem-Scott-image.jpg,wp-content/uploads/2024/02/Edem-Scott-image.jpg,jpg,jpg,,,image,unknown,,Edem Scott image
Serwaa-Kankam-image.jpg,wp-content/uploads/2024/02/Serwaa-Kankam-image.jpg,jpg,jpg,,,image,unknown,,Serwaa Kankam image
ONIX-logo-png.png,wp-content/uploads/2021/10/ONIX-logo-png.png,png,png,,,logo,unknown,possible duplicate (2 files),ONIX logo png
placeholder.png,wp-content/uploads/2024/03/placeholder.png,png,png,,,image,unknown,possible duplicate (3 files),placeholder.png
imagebox2.jpg,wp-content/uploads/2024/03/imagebox2.jpg,jpg,jpg,,,image,unknown,,imagebox2.jpg
pattern1.jpg,wp-content/uploads/2024/03/pattern1.jpg,jpg,jpg,,,image,unknown,,pattern1.jpg
franck-v-512278-unsplash.jpg,wp-content/uploads/2024/03/franck-v-512278-unsplash.jpg,jpg,jpg,,,image,unknown,,franck-v-512278-unsplash.jpg
hin-bong-yeung-210244-unsplash.jpg,wp-content/uploads/2024/03/hin-bong-yeung-210244-unsplash.jpg,jpg,jpg,,,image,unknown,,hin-bong-yeung-210244-unsplash.jpg
zhang-kaiyv-411983-unsplash.jpg,wp-content/uploads/2024/03/zhang-kaiyv-411983-unsplash.jpg,jpg,jpg,,,image,unknown,,zhang-kaiyv-411983-unsplash.jpg
Images-collage-2.png,wp-content/uploads/2024/03/Images-collage-2.png,png,png,,,image,unknown,,Images collage 2
Images-collage-3.png,wp-content/uploads/2024/04/Images-collage-3.png,png,png,,,image,yes,,Images collage 3
pexels-luis-gomes-166706-546819.jpg,wp-content/uploads/2024/06/pexels-luis-gomes-166706-546819.jpg,jpg,jpg,,,image,unknown,,pexels-luis-gomes-166706-546819
VPN_ILLUSTRATION.png,wp-content/uploads/2024/06/VPN_ILLUSTRATION.png,png,png,,,image,yes,,VPN_ILLUSTRATION
Server-rack-illustration.png,wp-content/uploads/2024/06/Server-rack-illustration.png,png,png,,,image,yes,,Server rack illustration
Cost-illustration.png,wp-content/uploads/2024/06/Cost-illustration.png,png,png,,,image,yes,,Cost illustration
VM-website-header.jpg,wp-content/uploads/2024/06/VM-website-header.jpg,jpg,jpg,,,image,unknown,,VM website header
pexels-divinetechygirl-1181354-Large.jpeg,wp-content/uploads/2024/06/pexels-divinetechygirl-1181354-Large.jpeg,jpeg,jpeg,,,image,unknown,,pexels-divinetechygirl-1181354 Large
Razak-Awudulai-image-1.jpg,wp-content/uploads/2024/07/Razak-Awudulai-image-1.jpg,jpg,jpg,,,image,unknown,,Razak Awudulai image
Onix-logo-white.png,wp-content/uploads/2024/07/Onix-logo-white.png,png,png,,,logo,unknown,,Onix logo white
Post-4.jpg,wp-content/uploads/2024/11/Post-4.jpg,jpg,jpg,,,image,unknown,,Post-4.jpg
modern-data-center-providing-cloud-services-enabling-businesses-access-computing-resources-storage-demand-internet-server-room-infrastructure-3d-render-animation_482257-65963.jpg,wp-content/uploads/2024/11/modern-data-center-providing-cloud-services-enabling-businesses-access-computing-resources-storage-demand-internet-server-room-infrastructure-3d-render-animation_482257-65963.jpg,jpg,jpg,,,image,unknown,,modern-data-center-providing-cloud-services-enabling-businesses-access-computing
Onix-blog-background-.jpg,wp-content/uploads/2024/11/Onix-blog-background-.jpg,jpg,jpg,,,image,unknown,,Onix blog background
Onix-blog-background-2.jpg,wp-content/uploads/2024/11/Onix-blog-background-2.jpg,jpg,jpg,,,image,unknown,,Onix blog background 2
placeholder.png,wp-content/uploads/2024/11/placeholder.png,png,png,,,image,unknown,possible duplicate (3 files),placeholder.png
placeholder-1.png,wp-content/uploads/2024/11/placeholder-1.png,png,png,,,image,unknown,possible duplicate (2 files),placeholder.png
placeholder-2.png,wp-content/uploads/2024/11/placeholder-2.png,png,png,,,image,unknown,possible duplicate (2 files),placeholder.png
placeholder-3.png,wp-content/uploads/2024/11/placeholder-3.png,png,png,,,image,unknown,possible duplicate (2 files),placeholder.png
placeholder-4.png,wp-content/uploads/2024/11/placeholder-4.png,png,png,,,image,unknown,possible duplicate (2 files),placeholder.png
placeholder-5.png,wp-content/uploads/2024/11/placeholder-5.png,png,png,,,image,unknown,possible duplicate (2 files),placeholder.png
Feedback-image.jpg,wp-content/uploads/2024/11/Feedback-image.jpg,jpg,jpg,,,image,unknown,,Feedback image
robin-spielmann-591331-unsplash.jpg,wp-content/uploads/2024/11/robin-spielmann-591331-unsplash.jpg,jpg,jpg,,,image,unknown,,robin-spielmann-591331-unsplash.jpg
placeholder-6.png,wp-content/uploads/2024/11/placeholder-6.png,png,png,,,image,unknown,possible duplicate (2 files),placeholder.png
placeholder-7.png,wp-content/uploads/2024/11/placeholder-7.png,png,png,,,image,unknown,possible duplicate (2 files),placeholder.png
placeholder-8.png,wp-content/uploads/2024/11/placeholder-8.png,png,png,,,image,unknown,,placeholder.png
Onix-tiers.png,wp-content/uploads/2024/12/Onix-tiers.png,png,png,,,image,unknown,,Onix tiers
Samuel-Osew.jpeg,wp-content/uploads/2025/03/Samuel-Osew.jpeg,jpeg,jpeg,,,image,unknown,,Samuel Osew
Onix-Data-Centre-Brochure-2025-.pdf,wp-content/uploads/2025/04/Onix-Data-Centre-Brochure-2025-.pdf,pdf,pdf,,,document/brochure,unknown,,Onix Data Centre Brochure 2025 []
IMS-SIMPLIFIED-12-May-2025.pdf,wp-content/uploads/2025/05/IMS-SIMPLIFIED-12-May-2025.pdf,pdf,pdf,,,document/brochure,yes,,"IMS SIMPLIFIED 12 May, 2025"
Samuel-Osew-Kwatia.png,wp-content/uploads/2025/06/Samuel-Osew-Kwatia.png,png,png,,,image,unknown,,Samuel Osew-Kwatia
Samuel-Polley-image-1.png,wp-content/uploads/2025/06/Samuel-Polley-image-1.png,png,png,,,image,unknown,,Samuel Polley image
Data-ico.png,wp-content/uploads/2025/07/Data-ico.png,png,png,,,image,yes,,Data icon
2149370100.jpg,wp-content/uploads/2025/08/2149370100.jpg,jpg,jpg,,,image,unknown,,2149370100
2149370127.jpg,wp-content/uploads/2025/08/2149370127.jpg,jpg,jpg,,,image,unknown,,2149370127
2149601528.jpg,wp-content/uploads/2025/08/2149601528.jpg,jpg,jpg,,,image,unknown,,2149601528
12961.jpg,wp-content/uploads/2025/08/12961.jpg,jpg,jpg,,,image,unknown,,12961
b1.png,wp-content/uploads/2025/08/b1.png,png,png,,,image,unknown,,b1
b2.png,wp-content/uploads/2025/08/b2.png,png,png,,,image,unknown,,b2
Sitting-in-the-office.jpg,wp-content/uploads/2025/08/Sitting-in-the-office.jpg,jpg,jpg,,,image,unknown,,Sitting in the office
2150167356.jpg,wp-content/uploads/2025/08/2150167356.jpg,jpg,jpg,,,image,unknown,,2150167356
Linx-hero-header-image.png,wp-content/uploads/2021/11/Linx-hero-header-image.png,png,png,,,hero/banner,unknown,,Linx hero header image
LINX_Accra_Logo_Colour_White1.png,wp-content/uploads/2021/11/LINX_Accra_Logo_Colour_White1.png,png,png,,,logo,unknown,,LINX_Accra_Logo_Colour_White(1)
Linx-at-onix.png,wp-content/uploads/2021/11/Linx-at-onix.png,png,png,,,image,unknown,,Linx at onix
Elementor-post-screenshot_9702_2025-11-09-15-26-18_1500bc24.png,wp-content/uploads/elementor/screenshots/Elementor-post-screenshot_9702_2025-11-09-15-26-18_1500bc24.png,png,png,,,image,unknown,,Elementor-post-screenshot_9702_2025-11-09-15-26-18_1500bc24.png
Onix-network.png,wp-content/uploads/2025/11/Onix-network.png,png,png,,,image,yes,,Onix network
Membership.png,wp-content/uploads/2025/11/Membership.png,png,png,,,image,yes,,Membership
mouse-pointer-click.svg,wp-content/uploads/2025/11/mouse-pointer-click.svg,svg,svg,,,image,unknown,,mouse-pointer-click
Line.png,wp-content/uploads/2025/11/Line.png,png,png,,,image,yes,,Line
Peering-background.png,wp-content/uploads/2025/11/Peering-background.png,png,png,,,image,unknown,,Peering background
Peering-Siagram-1.png,wp-content/uploads/2025/11/Peering-Siagram-1.png,png,png,,,image,unknown,,Peering Diagram
ONIX-DATA-CENTER-KEELSON-STUDIOS-36.jpg,wp-content/uploads/2023/08/ONIX-DATA-CENTER-KEELSON-STUDIOS-36.jpg,jpg,jpg,,,image,unknown,,ONIX-DATA-CENTER-KEELSON-STUDIOS-36
ONIX-blog-1.jpg,wp-content/uploads/2023/08/ONIX-blog-1.jpg,jpg,jpg,,,image,unknown,,Harnessing Solar Power: A Sustainable Data Centre Solution at Onix
ONIX-blog-v2.jpg,wp-content/uploads/2023/08/ONIX-blog-v2.jpg,jpg,jpg,,,image,unknown,,Harnessing Solar Power: A Sustainable Data Centre Solution at Onix
Onix-Peering-Image.png,wp-content/uploads/2025/11/Onix-Peering-Image.png,png,png,,,image,unknown,,Onix Peering Image
Data-iimage.png,wp-content/uploads/2025/11/Data-iimage.png,png,png,,,image,unknown,,Data image
Onix-data-image.png,wp-content/uploads/2025/11/Onix-data-image.png,png,png,,,image,unknown,,Onix data image
Linx-Peering.png,wp-content/uploads/2025/11/Linx-Peering.png,png,png,,,image,yes,,Linx Peering
Linx-Hero-Image.webp,wp-content/uploads/2025/11/Linx-Hero-Image.webp,webp,webp,,,hero/banner,unknown,,Linx Hero Image
Onix-Peering.webp,wp-content/uploads/2025/11/Onix-Peering.webp,webp,webp,,,image,unknown,,Onix Peering
Onix-Brochure-2025K.pdf,wp-content/uploads/2025/12/Onix-Brochure-2025K.pdf,pdf,pdf,,,document/brochure,unknown,,Onix Brochure [2025K]
Gemini_Generated_Image_5tt2ei5tt2ei5tt2-1-edited.png,wp-content/uploads/2026/02/Gemini_Generated_Image_5tt2ei5tt2ei5tt2-1-edited.png,png,png,,,image,unknown,,Gemini_Generated_Image_5tt2ei5tt2ei5tt2
Gemini_Generated_Image_5tt2ei5tt2ei5tt2-1-edited-1.png,wp-content/uploads/2026/02/Gemini_Generated_Image_5tt2ei5tt2ei5tt2-1-edited-1.png,png,png,,,image,yes,,Gemini_Generated_Image_5tt2ei5tt2ei5tt2
White-grid-background.png,wp-content/uploads/2026/03/White-grid-background.png,png,png,,,image,unknown,,White grid background
Badge-2.png,wp-content/uploads/2026/03/Badge-2.png,png,png,,,image,unknown,,Badge 2
Badge-1.png,wp-content/uploads/2026/03/Badge-1.png,png,png,,,image,unknown,,Badge 1
Badge-01.png,wp-content/uploads/2026/03/Badge-01.png,png,png,,,image,unknown,,Badge 01
Backk.png,wp-content/uploads/2026/03/Backk.png,png,png,,,image,unknown,,Backk
Back-2.png,wp-content/uploads/2026/03/Back-2.png,png,png,,,image,unknown,,Back 2
Badge-rows.png,wp-content/uploads/2026/03/Badge-rows.png,png,png,,,image,yes,,Badge rows
Back-3.png,wp-content/uploads/2026/03/Back-3.png,png,png,,,image,unknown,,Back 3
Africa-smart-city-3.png,wp-content/uploads/2023/08/Africa-smart-city-3.png,png,png,,,image,unknown,,"""The Future of Smart Cities in Africa: Envisioning Interconnected Urban Landscap"
ONIX-blog-image-sept12.png,wp-content/uploads/2023/09/ONIX-blog-image-sept12.png,png,png,,,image,unknown,,ONIX blog image [sept12]
20230822_103752.jpg,wp-content/uploads/2023/09/20230822_103752.jpg,jpg,jpg,,,image,unknown,,20230822_103752
image.jpeg,wp-content/uploads/2023/09/image.jpeg,jpeg,jpeg,,,image,yes,,undefined
ONIX-DATA-CENTER-KEELSON-STUDIOS-65.jpg,wp-content/uploads/2023/09/ONIX-DATA-CENTER-KEELSON-STUDIOS-65.jpg,jpg,jpg,,,image,unknown,,ONIX-DATA-CENTER-KEELSON-STUDIOS-65
Onix-blog-image-26-09.png,wp-content/uploads/2023/09/Onix-blog-image-26-09.png,png,png,,,image,unknown,,Data Centre resilience in an earthquake
healthcare-onix-2.png,wp-content/uploads/2023/10/healthcare-onix-2.png,png,png,,,image,unknown,,healthcare onix 2
ONIX-blog-image-03-10-a.jpg,wp-content/uploads/2023/10/ONIX-blog-image-03-10-a.jpg,jpg,jpg,,,image,unknown,,Onix health care colocation
ONIX-blog-image-oct-2.jpg,wp-content/uploads/2023/10/ONIX-blog-image-oct-2.jpg,jpg,jpg,,,image,unknown,,Government data storage
DSC_1084.jpg,wp-content/uploads/2023/11/DSC_1084.jpg,jpg,jpg,,,image,unknown,,DSC_1084
20231107_150219.jpg,wp-content/uploads/2023/11/20231107_150219.jpg,jpg,jpg,,,image,unknown,,Destroyed home
DSC_1027.jpg,wp-content/uploads/2023/11/DSC_1027.jpg,jpg,jpg,,,image,unknown,,DSC_1027
DSC_1038.jpg,wp-content/uploads/2023/11/DSC_1038.jpg,jpg,jpg,,,image,unknown,,DSC_1038
DSC_1068.jpg,wp-content/uploads/2023/11/DSC_1068.jpg,jpg,jpg,,,image,unknown,,DSC_1068
DSC_1071.jpg,wp-content/uploads/2023/11/DSC_1071.jpg,jpg,jpg,,,image,unknown,,DSC_1071
OCGX3958.jpg,wp-content/uploads/2023/11/OCGX3958.jpg,jpg,jpg,,,image,unknown,,OCGX3958
OCGX4054.jpg,wp-content/uploads/2023/11/OCGX4054.jpg,jpg,jpg,,,image,unknown,,OCGX4054
20231107_152322.jpg,wp-content/uploads/2023/11/20231107_152322.jpg,jpg,jpg,,,image,unknown,,20231107_152322
20231107_124352.jpg,wp-content/uploads/2023/11/20231107_124352.jpg,jpg,jpg,,,image,unknown,,20231107_124352
BlueSPACE-Onix-Team-Onsite-visit-1.jpeg,wp-content/uploads/2023/11/BlueSPACE-Onix-Team-Onsite-visit-1.jpeg,jpeg,jpeg,,,team/leadership,unknown,,BlueSPACE & Onix Team Onsite visit (1)
20231212094516.png,wp-content/uploads/2023/12/20231212094516.png,png,png,,,image,unknown,,20231212094516
20231212094823.png,wp-content/uploads/2023/12/20231212094823.png,png,png,,,image,yes,,20231212094823
ONIX-DATA-CENTER-KEELSON-STUDIOS-51.jpg,wp-content/uploads/2024/01/ONIX-DATA-CENTER-KEELSON-STUDIOS-51.jpg,jpg,jpg,,,image,unknown,,ONIX-DATA-CENTER-KEELSON-STUDIOS-51
ONIX-blog-image-Jan-16.png,wp-content/uploads/2024/01/ONIX-blog-image-Jan-16.png,png,png,,,image,unknown,,Vertiv Onix new year analysis
ONIX-logo-press.png,wp-content/uploads/2024/01/ONIX-logo-press.png,png,png,,,logo,unknown,,Onix Data Centre Logo
ONIX-blog-image-20-feb.jpg,wp-content/uploads/2024/02/ONIX-blog-image-20-feb.jpg,jpg,jpg,,,image,unknown,,ONIX blog image 20 feb
digital-ghana.png,wp-content/uploads/2024/03/digital-ghana.png,png,png,,,image,yes,,digital-ghana
ONIX-blog-image-7-March-.png,wp-content/uploads/2024/03/ONIX-blog-image-7-March-.png,png,png,,,image,yes,,Cloud computing in Ghana
ONIX-blog-image-18-03.png,wp-content/uploads/2024/03/ONIX-blog-image-18-03.png,png,png,,,image,yes,,ONIX bSubmarine internet cables cutlog image 18-03
ONIX-blog-image-26-03.png,wp-content/uploads/2024/03/ONIX-blog-image-26-03.png,png,png,,,image,yes,,ONIX blog image 26-03
20240312_150056.jpg,wp-content/uploads/2024/04/20240312_150056.jpg,jpg,jpg,,,image,unknown,,20240312_150056
20240312_145852.jpg,wp-content/uploads/2024/04/20240312_145852.jpg,jpg,jpg,,,image,unknown,,20240312_145852
20240312_150217.jpg,wp-content/uploads/2024/04/20240312_150217.jpg,jpg,jpg,,,image,unknown,,20240312_150217
20240312_150447.jpg,wp-content/uploads/2024/04/20240312_150447.jpg,jpg,jpg,,,image,unknown,,20240312_150447
20240312_145756.jpg,wp-content/uploads/2024/04/20240312_145756.jpg,jpg,jpg,,,image,unknown,,20240312_145756
ONIX-blog-image-Apr-23.png,wp-content/uploads/2024/04/ONIX-blog-image-Apr-23.png,png,png,,,image,unknown,,Onix data centre as a supermarket of solutions
20240507092212.png,wp-content/uploads/2024/05/20240507092212.png,png,png,,,image,unknown,,African Data Centre Association
ONIX-blog-image-14-May.png,wp-content/uploads/2024/05/ONIX-blog-image-14-May.png,png,png,,,image,unknown,,Financial Data Sovereignty Africa
data-centres-worldwide.png,wp-content/uploads/2024/05/data-centres-worldwide.png,png,png,,,image,yes,,data-centres-worldwide
May-28.jpg,wp-content/uploads/2024/05/May-28.jpg,jpg,jpg,,,image,unknown,,May 28
ONIX-blog-image-June.jpg,wp-content/uploads/2024/06/ONIX-blog-image-June.jpg,jpg,jpg,,,image,unknown,,Data Centre Collaboration
Media.jpeg,wp-content/uploads/2024/06/Media.jpeg,jpeg,jpeg,,,image,unknown,,Media
20240610_144954369_iOS-rotated.jpg,wp-content/uploads/2024/06/20240610_144954369_iOS-rotated.jpg,jpg,jpg,,,image,unknown,,Onix and Sekoe Chocolates
20240610_145115866_iOS.jpg,wp-content/uploads/2024/06/20240610_145115866_iOS.jpg,jpg,jpg,,,image,unknown,,Onix and Sekoe Chocolates
20240610_145052576_iOS-rotated.jpg,wp-content/uploads/2024/06/20240610_145052576_iOS-rotated.jpg,jpg,jpg,,,image,unknown,,202406Onix and Sekoe Chocolates10_145052576_iOS
20240610_145127526_iOS.jpg,wp-content/uploads/2024/06/20240610_145127526_iOS.jpg,jpg,jpg,,,image,unknown,,20240610Onix and Sekoe Chocolates_145127526_iOS
20240610_145031005_iOS-rotated.jpg,wp-content/uploads/2024/06/20240610_145031005_iOS-rotated.jpg,jpg,jpg,,,image,unknown,,20240Onix and Sekoe Chocolates610_145031005_iOS
20240610_145009400_iOS-rotated.jpg,wp-content/uploads/2024/06/20240610_145009400_iOS-rotated.jpg,jpg,jpg,,,image,unknown,,Onix and Sekoe Chocolates
ONIX-blog-image-Jul-9.jpg,wp-content/uploads/2024/07/ONIX-blog-image-Jul-9.jpg,jpg,jpg,,,image,unknown,,"AI, Sustainability and data centres"
BSOD-blog-image.jpg,wp-content/uploads/2024/07/BSOD-blog-image.jpg,jpg,jpg,,,image,unknown,,Blue screen of death crowdstrike
interner-outages-worldwide.png,wp-content/uploads/2024/07/interner-outages-worldwide.png,png,png,,,image,yes,,interner outages worldwide
data-hospital-5.png,wp-content/uploads/2024/10/data-hospital-5.png,png,png,,,image,unknown,,data hospital 5
data-hospital-5-edited.png,wp-content/uploads/2024/10/data-hospital-5-edited.png,png,png,,,image,unknown,,data hospital 5
data-hospital-5-edited-1.png,wp-content/uploads/2024/10/data-hospital-5-edited-1.png,png,png,,,image,unknown,,data hospital 5
data-hospital-4.png,wp-content/uploads/2024/10/data-hospital-4.png,png,png,,,image,unknown,,data hospital 4
data-hospital-4-edited.png,wp-content/uploads/2024/10/data-hospital-4-edited.png,png,png,,,image,unknown,,data hospital 4
data-hospital-4-edited-1.png,wp-content/uploads/2024/10/data-hospital-4-edited-1.png,png,png,,,image,yes,,data hospital 4
WhatsApp-Image-2024-10-14-at-12.18.13.jpeg,wp-content/uploads/2024/10/WhatsApp-Image-2024-10-14-at-12.18.13.jpeg,jpeg,jpeg,,,image,unknown,,WhatsApp Image 2024-10-14 at 12.18.13
yevu_Digital_written_across_the_african_continent_in_a_futurist_f9ec7c59-1090-45e4-8c35-12ee7ccf6e40.png,wp-content/uploads/2024/10/yevu_Digital_written_across_the_african_continent_in_a_futurist_f9ec7c59-1090-45e4-8c35-12ee7ccf6e40.png,png,png,,,image,unknown,,yevu_Digital_written_across_the_african_continent_in_a_futurist_f9ec7c59-1090-45
yevu_Digital_written_across_the_african_continent_in_a_futurist_f9ec7c59-1090-45e4-8c35-12ee7ccf6e40-1.png,wp-content/uploads/2024/10/yevu_Digital_written_across_the_african_continent_in_a_futurist_f9ec7c59-1090-45e4-8c35-12ee7ccf6e40-1.png,png,png,,,image,unknown,,yevu_Digital_written_across_the_african_continent_in_a_futurist_f9ec7c59-1090-45
yevu_Digital_written_across_the_african_continent_in_a_futurist_f9ec7c59-1090-45e4-8c35-12ee7ccf6e40-1-edited.png,wp-content/uploads/2024/10/yevu_Digital_written_across_the_african_continent_in_a_futurist_f9ec7c59-1090-45e4-8c35-12ee7ccf6e40-1-edited.png,png,png,,,image,yes,,yevu_Digital_written_across_the_african_continent_in_a_futurist_f9ec7c59-1090-45
African-elephant-digital-transformation.jpeg,wp-content/uploads/2024/10/African-elephant-digital-transformation.jpeg,jpeg,jpeg,,,image,unknown,,African elephant digital transformation
DJI_0721.jpg,wp-content/uploads/2024/11/DJI_0721.jpg,jpg,jpg,,,image,unknown,,Drone eye view of Onix Data Centre
NOV-BLOG.png,wp-content/uploads/2024/11/NOV-BLOG.png,png,png,,,image,yes,,NOV BLOG
image0.jpeg,wp-content/uploads/2024/11/image0.jpeg,jpeg,jpeg,,,image,unknown,possible duplicate (2 files),Nurani Nimpuno and Lenny McKinlay announce partnership
image1.jpeg,wp-content/uploads/2024/11/image1.jpeg,jpeg,jpeg,,,image,unknown,,Onix and LINX announce partnership
Screenshot-2024-11-08-at-17.00.47.png,wp-content/uploads/2024/11/Screenshot-2024-11-08-at-17.00.47.png,png,png,,,image,unknown,,LINX at Onix Data Centre
ONIX-Accra.png,wp-content/uploads/2024/11/ONIX-Accra.png,png,png,,,image,unknown,,London Internet Exchange and Onix partner in Ghana
Onix-Linx-01.png,wp-content/uploads/2024/11/Onix-Linx-01.png,png,png,,,image,unknown,,Onix Linx 01
Onix-Linx-02.jpg,wp-content/uploads/2024/11/Onix-Linx-02.jpg,jpg,jpg,,,image,unknown,,Onix Linx 02
Onix-Linx-03.jpg,wp-content/uploads/2024/11/Onix-Linx-03.jpg,jpg,jpg,,,image,unknown,,Onix Linx 03
WhatsApp-Image-2024-12-02-at-16.12.11.jpeg,wp-content/uploads/2024/12/WhatsApp-Image-2024-12-02-at-16.12.11.jpeg,jpeg,jpeg,,,image,unknown,,Onix Tier IV Data Centre
Data-centre-Christmas-shopping.webp,wp-content/uploads/2024/12/Data-centre-Christmas-shopping.webp,webp,webp,,,image,unknown,,Data centre Christmas shopping
Data-Centre-Christmas-movies.webp,wp-content/uploads/2024/12/Data-Centre-Christmas-movies.webp,webp,webp,,,image,unknown,,Data Centre Christmas movies
Data-Centre-Christmas-movies-edited.webp,wp-content/uploads/2024/12/Data-Centre-Christmas-movies-edited.webp,webp,webp,,,image,yes,,Data Centre Christmas movies
data-centre-christmas.png,wp-content/uploads/2024/12/data-centre-christmas.png,png,png,,,image,unknown,,data cenData Centres at Christmastre christmas
WhatsApp-Image-2024-12-17-at-10.21.21.jpeg,wp-content/uploads/2024/12/WhatsApp-Image-2024-12-17-at-10.21.21.jpeg,jpeg,jpeg,,,image,unknown,,Data Centre at Christmas
Resolution-.png,wp-content/uploads/2025/01/Resolution-.png,png,png,,,image,unknown,,ReOnix Data Centre New Years Resolutionsolution
New-Years-Resolution-new.png,wp-content/uploads/2025/01/New-Years-Resolution-new.png,png,png,,,image,unknown,,Data Centre New Year Resolution
Local-data-centres-Africa-Ghana.webp,wp-content/uploads/2025/01/Local-data-centres-Africa-Ghana.webp,webp,webp,,,image,unknown,,Local data centres Africa Ghana
Blog-image-jan.png,wp-content/uploads/2025/01/Blog-image-jan.png,png,png,,,image,unknown,,Onix Data Centre - Local Hosting in Ghana
image.webp,wp-content/uploads/2025/02/image.webp,webp,webp,,,image,unknown,,image
Blog-image-Feb.png,wp-content/uploads/2025/02/Blog-image-Feb.png,png,png,,,image,unknown,,Blog image Feb
ghana-doctor-nurse-tablet-digital.png,wp-content/uploads/2025/02/ghana-doctor-nurse-tablet-digital.png,png,png,,,image,unknown,,ghana doctor nurse tablet digital
18-feb-blog-a.png,wp-content/uploads/2025/02/18-feb-blog-a.png,png,png,,,image,unknown,,Ghana’s Digital Connectivity – The Future of Data Synchronisation
search-for-talent.webp,wp-content/uploads/2025/03/search-for-talent.webp,webp,webp,,,image,unknown,,search for talent
4-Mar-Blog.png,wp-content/uploads/2025/03/4-Mar-Blog.png,png,png,,,image,unknown,,"Powering Africa’s Digital Future: Innovation, Energy, and Tech Growth"
collab-digi-infrastructure.webp,wp-content/uploads/2025/03/collab-digi-infrastructure.webp,webp,webp,,,image,unknown,,collab digi infrastructure
Digital-Infrastructure-Africa.jpg,wp-content/uploads/2025/03/Digital-Infrastructure-Africa.jpg,jpg,jpg,,,image,unknown,,Digital Infrastructure Africa
IMG_6015.jpg,wp-content/uploads/2025/04/IMG_6015.jpg,jpg,jpg,,,image,unknown,,Onix – Powering Africa’s Digital Future
A1793057-DC09-41BF-9F22-3D103BAA8C7C.jpeg,wp-content/uploads/2025/04/A1793057-DC09-41BF-9F22-3D103BAA8C7C.jpeg,jpeg,jpeg,,,image,unknown,,A1793057-DC09-41BF-9F22-3D103BAA8C7C
A1793057-DC09-41BF-9F22-3D103BAA8C7C-1.jpeg,wp-content/uploads/2025/04/A1793057-DC09-41BF-9F22-3D103BAA8C7C-1.jpeg,jpeg,jpeg,,,image,unknown,,A1793057-DC09-41BF-9F22-3D103BAA8C7C
A1793057-DC09-41BF-9F22-3D103BAA8C7C-2.jpeg,wp-content/uploads/2025/04/A1793057-DC09-41BF-9F22-3D103BAA8C7C-2.jpeg,jpeg,jpeg,,,image,unknown,,A1793057-DC09-41BF-9F22-3D103BAA8C7C
WhatsApp-Image-2025-04-16-at-15.03.05.jpeg,wp-content/uploads/2025/04/WhatsApp-Image-2025-04-16-at-15.03.05.jpeg,jpeg,jpeg,,,image,yes,,WhatsApp Image 2025-04-16 at 15.03.05
WhatsApp-Image-2025-04-23-at-09.11.56.jpeg,wp-content/uploads/2025/04/WhatsApp-Image-2025-04-23-at-09.11.56.jpeg,jpeg,jpeg,,,image,unknown,,WhatsApp Image 2025-04-23 at 09.11.56
WhatsApp-Image-2025-04-16-at-18.41.05-5.jpeg,wp-content/uploads/2025/04/WhatsApp-Image-2025-04-16-at-18.41.05-5.jpeg,jpeg,jpeg,,,image,unknown,,WhatsApp Image 2025-04-16 at 18.41.05 (5)
WhatsApp-Image-2025-04-23-at-09.11.59.jpeg,wp-content/uploads/2025/04/WhatsApp-Image-2025-04-23-at-09.11.59.jpeg,jpeg,jpeg,,,image,unknown,,WhatsApp Image 2025-04-23 at 09.11.59
WhatsApp-Image-2025-04-23-at-09.11.57.jpeg,wp-content/uploads/2025/04/WhatsApp-Image-2025-04-23-at-09.11.57.jpeg,jpeg,jpeg,,,image,unknown,,WhatsApp Image 2025-04-23 at 09.11.57
WhatsApp-Image-2025-04-23-at-09.11.58.jpeg,wp-content/uploads/2025/04/WhatsApp-Image-2025-04-23-at-09.11.58.jpeg,jpeg,jpeg,,,image,unknown,,WhatsApp Image 2025-04-23 at 09.11.58
WhatsApp-Image-2025-04-16-at-15.40.19.jpeg,wp-content/uploads/2025/04/WhatsApp-Image-2025-04-16-at-15.40.19.jpeg,jpeg,jpeg,,,image,unknown,,Razak Awudulai and his fellow panelists at GITEX AFRICA 2025
WhatsApp-Image-2025-04-30-at-07.36.51.jpeg,wp-content/uploads/2025/05/WhatsApp-Image-2025-04-30-at-07.36.51.jpeg,jpeg,jpeg,,,image,unknown,,Onix and London Internet Exchange partnership
WhatsApp-Image-2025-04-30-at-07.36.51-1.jpeg,wp-content/uploads/2025/05/WhatsApp-Image-2025-04-30-at-07.36.51-1.jpeg,jpeg,jpeg,,,image,unknown,,WhatsApp Image 2025-04-30 at 07.36.51 (1)
WhatsApp-Image-2025-04-30-at-07.36.51-1-1.jpeg,wp-content/uploads/2025/05/WhatsApp-Image-2025-04-30-at-07.36.51-1-1.jpeg,jpeg,jpeg,,,image,unknown,,WhatsApp Image 2025-04-30 at 07.36.51 (1)
WhatsApp-Image-2025-04-30-at-07.36.43.jpeg,wp-content/uploads/2025/05/WhatsApp-Image-2025-04-30-at-07.36.43.jpeg,jpeg,jpeg,,,image,unknown,,WhatsApp Image 2025-04-30 at 07.36.43
WhatsApp-Image-2025-04-30-at-07.36.53-2.jpeg,wp-content/uploads/2025/05/WhatsApp-Image-2025-04-30-at-07.36.53-2.jpeg,jpeg,jpeg,,,image,unknown,,WhatsApp Image 2025-04-30 at 07.36.53 (2)
WhatsApp-Image-2025-04-30-at-07.36.53.jpeg,wp-content/uploads/2025/05/WhatsApp-Image-2025-04-30-at-07.36.53.jpeg,jpeg,jpeg,,,image,unknown,,WhatsApp Image 2025-04-30 at 07.36.53
WhatsApp-Image-2025-04-30-at-07.36.55-2.jpeg,wp-content/uploads/2025/05/WhatsApp-Image-2025-04-30-at-07.36.55-2.jpeg,jpeg,jpeg,,,image,unknown,,LINX meets the Onix Data Centres team
20250430_160348.jpg,wp-content/uploads/2025/05/20250430_160348.jpg,jpg,jpg,,,image,unknown,,20250430_160348
20250430_173312.jpg,wp-content/uploads/2025/05/20250430_173312.jpg,jpg,jpg,,,image,unknown,,20250430_173312
20250430_173312-1.jpg,wp-content/uploads/2025/05/20250430_173312-1.jpg,jpg,jpg,,,image,unknown,,20250430_173312
WhatsApp-Image-2025-05-06-at-10.22.09-3.jpeg,wp-content/uploads/2025/05/WhatsApp-Image-2025-05-06-at-10.22.09-3.jpeg,jpeg,jpeg,,,image,unknown,,WhatsApp Image 2025-05-06 at 10.22.09 (3)
386A4868.jpg,wp-content/uploads/2025/05/386A4868.jpg,jpg,jpg,,,image,unknown,,386A4868
386A5110.jpg,wp-content/uploads/2025/05/386A5110.jpg,jpg,jpg,,,image,unknown,,386A5110
386A5131.jpg,wp-content/uploads/2025/05/386A5131.jpg,jpg,jpg,,,image,unknown,,386A5131
386A5110-1.jpg,wp-content/uploads/2025/05/386A5110-1.jpg,jpg,jpg,,,image,unknown,,386A5110
386A5132.jpg,wp-content/uploads/2025/05/386A5132.jpg,jpg,jpg,,,image,unknown,,386A5132
386A4952.jpg,wp-content/uploads/2025/05/386A4952.jpg,jpg,jpg,,,image,unknown,,386A4952
386A4979.jpg,wp-content/uploads/2025/05/386A4979.jpg,jpg,jpg,,,image,unknown,,386A4979
WhatsApp-Image-2025-05-27-at-10.55.10.jpeg,wp-content/uploads/2025/05/WhatsApp-Image-2025-05-27-at-10.55.10.jpeg,jpeg,jpeg,,,image,unknown,,“Carrier-Neutral Data Centres” Freedom. Flexibility. Future-Ready.
WhatsApp-Image-2025-06-09-at-11.28.25.jpeg,wp-content/uploads/2025/06/WhatsApp-Image-2025-06-09-at-11.28.25.jpeg,jpeg,jpeg,,,image,unknown,,Balancing Digital Infrastructure and Clean Energy in Africa
20250624_104336.jpg,wp-content/uploads/2025/07/20250624_104336.jpg,jpg,jpg,,,image,unknown,,20250624_104336
20250624_130648.jpg,wp-content/uploads/2025/07/20250624_130648.jpg,jpg,jpg,,,image,unknown,,20250624_130648
20250624_130648-1.jpg,wp-content/uploads/2025/07/20250624_130648-1.jpg,jpg,jpg,,,image,unknown,,20250624_130648
WhatsApp-Image-2025-06-09-at-15.16.29.jpeg,wp-content/uploads/2025/07/WhatsApp-Image-2025-06-09-at-15.16.29.jpeg,jpeg,jpeg,,,image,unknown,,Onix at Pan African Data Centre exhibition
PXGH-04-JUL-25-DSC09529.jpg,wp-content/uploads/2025/07/PXGH-04-JUL-25-DSC09529.jpg,jpg,jpg,,,image,unknown,,Linx Accra Launch in Ghana with Onix
PXGH-04-JUL-25-DSC09413.jpg,wp-content/uploads/2025/07/PXGH-04-JUL-25-DSC09413.jpg,jpg,jpg,,,image,unknown,,PXGH-04-JUL-25-DSC09413
PXGH-04-JUL-25-DSC09413-1.jpg,wp-content/uploads/2025/07/PXGH-04-JUL-25-DSC09413-1.jpg,jpg,jpg,,,image,unknown,,PXGH-04-JUL-25-DSC09413
20250703_110805-rotated.jpg,wp-content/uploads/2025/07/20250703_110805-rotated.jpg,jpg,jpg,,,image,unknown,,20250703_110805
20250703_110805-1-rotated.jpg,wp-content/uploads/2025/07/20250703_110805-1-rotated.jpg,jpg,jpg,,,image,unknown,,20250703_110805
20250703_110805-2-rotated.jpg,wp-content/uploads/2025/07/20250703_110805-2-rotated.jpg,jpg,jpg,,,image,unknown,,20250703_110805
20250703_110805-2-edited.jpg,wp-content/uploads/2025/07/20250703_110805-2-edited.jpg,jpg,jpg,,,image,unknown,,20250703_110805
20250703_184754.jpg,wp-content/uploads/2025/07/20250703_184754.jpg,jpg,jpg,,,image,unknown,,20250703_184754
20250703_1138210-rotated.jpg,wp-content/uploads/2025/07/20250703_1138210-rotated.jpg,jpg,jpg,,,image,unknown,,20250703_113821(0)
20250703_113803.jpg,wp-content/uploads/2025/07/20250703_113803.jpg,jpg,jpg,,,image,unknown,,20250703_113803
20250703_185647.jpg,wp-content/uploads/2025/07/20250703_185647.jpg,jpg,jpg,,,image,unknown,,20250703_185647
20250703_110606.jpg,wp-content/uploads/2025/07/20250703_110606.jpg,jpg,jpg,,,image,unknown,,20250703_110606
20250703_110443.jpg,wp-content/uploads/2025/07/20250703_110443.jpg,jpg,jpg,,,image,unknown,,20250703_110443
20250703_110740.jpg,wp-content/uploads/2025/07/20250703_110740.jpg,jpg,jpg,,,image,unknown,,20250703_110740
20250703_110737-rotated.jpg,wp-content/uploads/2025/07/20250703_110737-rotated.jpg,jpg,jpg,,,image,unknown,,20250703_110737
20250703_110808-rotated.jpg,wp-content/uploads/2025/07/20250703_110808-rotated.jpg,jpg,jpg,,,image,unknown,,20250703_110808
20250703_110805-3-rotated.jpg,wp-content/uploads/2025/07/20250703_110805-3-rotated.jpg,jpg,jpg,,,image,unknown,,20250703_110805
20250703_170235-rotated.jpg,wp-content/uploads/2025/07/20250703_170235-rotated.jpg,jpg,jpg,,,image,unknown,,20250703_170235
PXGH-04-JUL-25-DSC08557.jpg,wp-content/uploads/2025/07/PXGH-04-JUL-25-DSC08557.jpg,jpg,jpg,,,image,unknown,,PXGH-04-JUL-25-DSC08557
PXGH-04-JUL-25-DSC08566.jpg,wp-content/uploads/2025/07/PXGH-04-JUL-25-DSC08566.jpg,jpg,jpg,,,image,unknown,,PXGH-04-JUL-25-DSC08566
PXGH-04-JUL-25-DSC08785.jpg,wp-content/uploads/2025/07/PXGH-04-JUL-25-DSC08785.jpg,jpg,jpg,,,image,unknown,,PXGH-04-JUL-25-DSC08785
PXGH-04-JUL-25-DSC08863.jpg,wp-content/uploads/2025/07/PXGH-04-JUL-25-DSC08863.jpg,jpg,jpg,,,image,unknown,,PXGH-04-JUL-25-DSC08863
PXGH-04-JUL-25-DSC09122.jpg,wp-content/uploads/2025/07/PXGH-04-JUL-25-DSC09122.jpg,jpg,jpg,,,image,unknown,,PXGH-04-JUL-25-DSC09122
PXGH-04-JUL-25-DSC09180.jpg,wp-content/uploads/2025/07/PXGH-04-JUL-25-DSC09180.jpg,jpg,jpg,,,image,unknown,,PXGH-04-JUL-25-DSC09180
PXGH-04-JUL-25-DSC09213.jpg,wp-content/uploads/2025/07/PXGH-04-JUL-25-DSC09213.jpg,jpg,jpg,,,image,unknown,,PXGH-04-JUL-25-DSC09213
PXGH-04-JUL-25-DSC09270.jpg,wp-content/uploads/2025/07/PXGH-04-JUL-25-DSC09270.jpg,jpg,jpg,,,image,unknown,,PXGH-04-JUL-25-DSC09270
PXGH-04-JUL-25-DSC09296.jpg,wp-content/uploads/2025/07/PXGH-04-JUL-25-DSC09296.jpg,jpg,jpg,,,image,unknown,,PXGH-04-JUL-25-DSC09296
PXGH-04-JUL-25-DSC09312.jpg,wp-content/uploads/2025/07/PXGH-04-JUL-25-DSC09312.jpg,jpg,jpg,,,image,unknown,,PXGH-04-JUL-25-DSC09312
PXGH-04-JUL-25-DSC09399.jpg,wp-content/uploads/2025/07/PXGH-04-JUL-25-DSC09399.jpg,jpg,jpg,,,image,unknown,,PXGH-04-JUL-25-DSC09399
PXGH-04-JUL-25-DSC09510.jpg,wp-content/uploads/2025/07/PXGH-04-JUL-25-DSC09510.jpg,jpg,jpg,,,image,unknown,,PXGH-04-JUL-25-DSC09510
PXGH-04-JUL-25-DSC09529-1.jpg,wp-content/uploads/2025/07/PXGH-04-JUL-25-DSC09529-1.jpg,jpg,jpg,,,image,unknown,,PXGH-04-JUL-25-DSC09529
Onix-students-3.jpeg,wp-content/uploads/2025/07/Onix-students-3.jpeg,jpeg,jpeg,,,image,unknown,,Onix students 3
Onix-students-12.jpeg,wp-content/uploads/2025/07/Onix-students-12.jpeg,jpeg,jpeg,,,image,unknown,,Onix students 12
Onix-students-11.jpeg,wp-content/uploads/2025/07/Onix-students-11.jpeg,jpeg,jpeg,,,image,unknown,,Onix students 11
Onix-students-3-1.jpeg,wp-content/uploads/2025/07/Onix-students-3-1.jpeg,jpeg,jpeg,,,image,unknown,,Onix students 3
Onix-students-12-1.jpeg,wp-content/uploads/2025/07/Onix-students-12-1.jpeg,jpeg,jpeg,,,image,unknown,,Onix students 12
Onix-Students-13.jpeg,wp-content/uploads/2025/07/Onix-Students-13.jpeg,jpeg,jpeg,,,image,unknown,,Onix Students 13
Onix-students-15.jpeg,wp-content/uploads/2025/07/Onix-students-15.jpeg,jpeg,jpeg,,,image,unknown,,Onix students 15
Onix-students-5.jpeg,wp-content/uploads/2025/07/Onix-students-5.jpeg,jpeg,jpeg,,,image,unknown,,Onix students 5
Onix-students-14.jpeg,wp-content/uploads/2025/07/Onix-students-14.jpeg,jpeg,jpeg,,,image,unknown,,Onix students 14
Onix-students-1-.jpeg,wp-content/uploads/2025/07/Onix-students-1-.jpeg,jpeg,jpeg,,,image,unknown,,Onix students 1
Onix-students-2.jpeg,wp-content/uploads/2025/07/Onix-students-2.jpeg,jpeg,jpeg,,,image,unknown,,Onix students 2
Onix-students-8.jpeg,wp-content/uploads/2025/07/Onix-students-8.jpeg,jpeg,jpeg,,,image,unknown,,Onix students 8
Onix-students-4.jpeg,wp-content/uploads/2025/07/Onix-students-4.jpeg,jpeg,jpeg,,,image,unknown,,Onix students 4
Onix-students-9.jpeg,wp-content/uploads/2025/07/Onix-students-9.jpeg,jpeg,jpeg,,,image,unknown,,Onix students 9
Onix-students-6.jpeg,wp-content/uploads/2025/07/Onix-students-6.jpeg,jpeg,jpeg,,,image,unknown,,Onix students 6
Onix-students-7.jpeg,wp-content/uploads/2025/07/Onix-students-7.jpeg,jpeg,jpeg,,,image,unknown,,Onix students 7
Onix-students-10.jpeg,wp-content/uploads/2025/07/Onix-students-10.jpeg,jpeg,jpeg,,,image,unknown,,Onix students 10
DCbyte-infographic.png,wp-content/uploads/2025/08/DCbyte-infographic.png,png,png,,,image,unknown,,DCbyte infographic
5-Aug-Blog.png,wp-content/uploads/2025/08/5-Aug-Blog.png,png,png,,,image,unknown,,Ghana Digital Infrastructure Aerial Network Overlay
26-Aug-Blog-2.jpg,wp-content/uploads/2025/08/26-Aug-Blog-2.jpg,jpg,jpg,,,image,unknown,,Slow Digital Experience Due to Latency
WhatsApp-Image-2025-08-26-at-11.04.54.jpeg,wp-content/uploads/2025/08/WhatsApp-Image-2025-08-26-at-11.04.54.jpeg,jpeg,jpeg,,,image,unknown,,Low vs High Latency: A Visual Shortcut
20250903_140309.jpg,wp-content/uploads/2025/09/20250903_140309.jpg,jpg,jpg,,,image,yes,,Digital Africa Summit – Data Centres Panel
20250903_133212.jpg,wp-content/uploads/2025/09/20250903_133212.jpg,jpg,jpg,,,image,unknown,,20250903_133212
20250903_100124.jpg,wp-content/uploads/2025/09/20250903_100124.jpg,jpg,jpg,,,image,unknown,,20250903_100124
20250903_101342-rotated.jpg,wp-content/uploads/2025/09/20250903_101342-rotated.jpg,jpg,jpg,,,image,unknown,,20250903_101342
20250903_141319.jpg,wp-content/uploads/2025/09/20250903_141319.jpg,jpg,jpg,,,image,unknown,,20250903_141319
20250903_141431.jpg,wp-content/uploads/2025/09/20250903_141431.jpg,jpg,jpg,,,image,unknown,,20250903_141431
20250903_141456.jpg,wp-content/uploads/2025/09/20250903_141456.jpg,jpg,jpg,,,image,unknown,,20250903_141456
20250903_141431-1.jpg,wp-content/uploads/2025/09/20250903_141431-1.jpg,jpg,jpg,,,image,yes,,20250903_141431
20250903_101342-1-rotated.jpg,wp-content/uploads/2025/09/20250903_101342-1-rotated.jpg,jpg,jpg,,,image,yes,,20250903_101342
20250903_133212-1.jpg,wp-content/uploads/2025/09/20250903_133212-1.jpg,jpg,jpg,,,image,yes,,20250903_133212
20250903_141319-1.jpg,wp-content/uploads/2025/09/20250903_141319-1.jpg,jpg,jpg,,,image,yes,,20250903_141319
20250903_141456-1.jpg,wp-content/uploads/2025/09/20250903_141456-1.jpg,jpg,jpg,,,image,yes,,20250903_141456
WhatsApp-Image-2025-09-03-at-10.17.46.jpeg,wp-content/uploads/2025/09/WhatsApp-Image-2025-09-03-at-10.17.46.jpeg,jpeg,jpeg,,,image,yes,,WhatsApp Image 2025-09-03 at 10.17.46
WhatsApp-Image-2025-09-29-at-22.00.37.jpeg,wp-content/uploads/2025/09/WhatsApp-Image-2025-09-29-at-22.00.37.jpeg,jpeg,jpeg,,,image,unknown,,What you saw vs what the server saw — latency comparison
WhatsApp-Image-2025-09-29-at-22.01.07.jpeg,wp-content/uploads/2025/09/WhatsApp-Image-2025-09-29-at-22.01.07.jpeg,jpeg,jpeg,,,image,unknown,,WhatsApp Image 2025-09-29 at 22.01.07
WhatsApp-Image-2025-09-29-at-22.01.08.jpeg,wp-content/uploads/2025/09/WhatsApp-Image-2025-09-29-at-22.01.08.jpeg,jpeg,jpeg,,,image,unknown,,WhatsApp Image 2025-09-29 at 22.01.08
20251008_105830.jpg,wp-content/uploads/2025/10/20251008_105830.jpg,jpg,jpg,,,image,unknown,,AFTS Accra 2025 Keynote Address
20251009_202113.jpg,wp-content/uploads/2025/10/20251009_202113.jpg,jpg,jpg,,,image,unknown,,20251009_202113
Fintech-4.jpeg,wp-content/uploads/2025/10/Fintech-4.jpeg,jpeg,jpeg,,,image,unknown,,Fintech 4
Fin-tech-1.jpeg,wp-content/uploads/2025/10/Fin-tech-1.jpeg,jpeg,jpeg,,,image,unknown,,Fin tech 1
fin-tech-2.jpeg,wp-content/uploads/2025/10/fin-tech-2.jpeg,jpeg,jpeg,,,image,unknown,,fin tech 2
fintech-6.jpeg,wp-content/uploads/2025/10/fintech-6.jpeg,jpeg,jpeg,,,image,unknown,,"Africa FinTech Summit 2025 – Accra, Ghana | October 8–10"
Fintech-3.jpeg,wp-content/uploads/2025/10/Fintech-3.jpeg,jpeg,jpeg,,,image,yes,,AFTS Accra 2025 Keynote Address
Broadspectrum-Team-at-Africa-Fintech-Summit.jpeg,wp-content/uploads/2025/10/Broadspectrum-Team-at-Africa-Fintech-Summit.jpeg,jpeg,jpeg,,,team/leadership,yes,,Broadspectrum Team at Africa Fintech Summit
aws-blog-7.png,wp-content/uploads/2025/10/aws-blog-7.png,png,png,,,image,unknown,,The Cost of Digital Downtime – African Retail Resilience
WhatsApp-Image-2025-10-28-at-10.09.32.jpeg,wp-content/uploads/2025/10/WhatsApp-Image-2025-10-28-at-10.09.32.jpeg,jpeg,jpeg,,,image,unknown,,Africa’s Digital Cloud Network – Onix Data Centre Blog
WhatsApp-Image-2025-11-10-at-12.18.35.jpeg,wp-content/uploads/2025/11/WhatsApp-Image-2025-11-10-at-12.18.35.jpeg,jpeg,jpeg,,,image,unknown,,Returnee founders came home – their servers stayed overseas
WhatsApp-Image-2025-11-10-at-15.44.22.jpeg,wp-content/uploads/2025/11/WhatsApp-Image-2025-11-10-at-15.44.22.jpeg,jpeg,jpeg,,,image,unknown,,Keep Ghana traffic local: peering vs overseas detour
WhatsApp-Image-2025-12-08-at-10.00.35-1.jpeg,wp-content/uploads/2025/12/WhatsApp-Image-2025-12-08-at-10.00.35-1.jpeg,jpeg,jpeg,,,image,unknown,,WhatsApp Image 2025-12-08 at 10.00.35 (1)
WhatsApp-Image-2025-12-08-at-10.00.35.jpeg,wp-content/uploads/2025/12/WhatsApp-Image-2025-12-08-at-10.00.35.jpeg,jpeg,jpeg,,,image,unknown,,Returnee founders came home – their servers stayed overseas
Gemini_Generated_Image_x5mpxox5mpxox5mp.jpeg,wp-content/uploads/2026/01/Gemini_Generated_Image_x5mpxox5mpxox5mp.jpeg,jpeg,jpeg,,,image,unknown,,The four decisions that define reliable digital infrastructure
WhatsApp-Image-2026-01-07-at-10.48.54.jpeg,wp-content/uploads/2026/01/WhatsApp-Image-2026-01-07-at-10.48.54.jpeg,jpeg,jpeg,,,image,unknown,,Reliability isn’t visible. Until it fails.
SLA-article.png,wp-content/uploads/2026/01/SLA-article.png,png,png,,,image,unknown,,From SLA to Operational Reality
Reliability-loop-SLA-Onix.png,wp-content/uploads/2026/01/Reliability-loop-SLA-Onix.png,png,png,,,image,unknown,,The Reliability Operations Loop
WhatsApp-Image-2026-01-20-at-10.23.05.jpeg,wp-content/uploads/2026/01/WhatsApp-Image-2026-01-20-at-10.23.05.jpeg,jpeg,jpeg,,,image,unknown,,SLA Promise vs Operational Practice
Gemini_Generated_Image_5tt2ei5tt2ei5tt2-1.png,wp-content/uploads/2026/02/Gemini_Generated_Image_5tt2ei5tt2ei5tt2-1.png,png,png,,,image,unknown,,Gemini_Generated_Image_5tt2ei5tt2ei5tt2
Onix_Blog_Image3_Traditional_vs_Composable.png,wp-content/uploads/2026/02/Onix_Blog_Image3_Traditional_vs_Composable.png,png,png,,,image,unknown,,Traditional vs composable infrastructure
Onix_Blog_Image3_Flow.png,wp-content/uploads/2026/02/Onix_Blog_Image3_Flow.png,png,png,,,image,unknown,,How composable infrastructure works
Lego-Blog-image-2.png,wp-content/uploads/2026/02/Lego-Blog-image-2.png,png,png,,,image,unknown,,Composable infrastructure as building blocks
Gemini_Generated_Image_t6bhy8t6bhy8t6bh.png,wp-content/uploads/2026/03/Gemini_Generated_Image_t6bhy8t6bhy8t6bh.png,png,png,,,image,unknown,,Connected work and digital life in Ghana
Ghana@69-b.jpg,wp-content/uploads/2026/03/Ghana@69-b.jpg,jpg,jpg,,,image,unknown,,Ghana digitisation supporting everyday life across society
Gemini_Generated_Image_1nd7xd1nd7xd1nd7.png,wp-content/uploads/2026/03/Gemini_Generated_Image_1nd7xd1nd7xd1nd7.png,png,png,,,image,unknown,,AI in Africa supporting real digital systems
Mar-Blog-Image-1.jpg,wp-content/uploads/2026/03/Mar-Blog-Image-1.jpg,jpg,jpg,,,image,unknown,,Africa AI infrastructure hidden foundations
Africas-Digital-Infrastructure-and-Global-Conflict-Risk.jpg,wp-content/uploads/2026/04/Africas-Digital-Infrastructure-and-Global-Conflict-Risk.jpg,jpg,jpg,,,image,unknown,,Africa’s Digital Infrastructure and Global Conflict Risk
infrastructure-behind-the-cloud.png,wp-content/uploads/2026/04/infrastructure-behind-the-cloud.png,png,png,,,image,unknown,,infrastructure behind the cloud
infrastructure-risk-planning.png,wp-content/uploads/2026/04/infrastructure-risk-planning.png,png,png,,,image,unknown,,infrastructure-risk-planning
Racks-Onix.png,wp-content/uploads/2026/04/Racks-Onix.png,png,png,,,image,unknown,,Resilient Colocation Capacity
Onix-Boardroom-discussion.png,wp-content/uploads/2026/04/Onix-Boardroom-discussion.png,png,png,,,image,unknown,,Digital Infrastructure Planning
Meet-me-room-Onix.png,wp-content/uploads/2026/04/Meet-me-room-Onix.png,png,png,,,image,unknown,,A premium boardroom image showing African business leaders reviewing digital inf
Blog-Image-April.jpg,wp-content/uploads/2026/04/Blog-Image-April.jpg,jpg,jpg,,,image,unknown,,Infrastructure Decisions Are Becoming Timing Decisions
hidden-office-server-room-risk.png,wp-content/uploads/2026/05/hidden-office-server-room-risk.png,png,png,,,image,unknown,,Hidden Office Server Room Risk
colocation-migration-planning-business-continuity.png,wp-content/uploads/2026/05/colocation-migration-planning-business-continuity.png,png,png,,,image,unknown,,Colocation Migration Planning and Business Continuity
server-room-vs-data-centre-colocation-ghana-onix.jpeg,wp-content/uploads/2026/05/server-room-vs-data-centre-colocation-ghana-onix.jpeg,jpeg,jpeg,,,image,unknown,,Server Room vs Data Centre Colocation Ghana
Onix-Health-Care.png,wp-content/uploads/2026/06/Onix-Health-Care.png,png,png,,,image,unknown,,Onix Health Care
health-data-security.png,wp-content/uploads/2026/06/health-data-security.png,png,png,,,image,unknown,,Secure Health Data Storage
Health-data-infrastructure.png,wp-content/uploads/2026/06/Health-data-infrastructure.png,png,png,,,image,unknown,,Digital Health Depends on Infrastructure
Africa-Global-Data-Centre-network.png,wp-content/uploads/2026/06/Africa-Global-Data-Centre-network.png,png,png,,,image,unknown,,Africa  Global Data Centre network
esponsible-african-data-centre-growth-onix.png,wp-content/uploads/2026/06/esponsible-african-data-centre-growth-onix.png,png,png,,,image,unknown,,esponsible-african-data-centre-growth-onix
africa-global-ai-infrastructure-map-onix.png,wp-content/uploads/2026/06/africa-global-ai-infrastructure-map-onix.png,png,png,,,image,unknown,,Africa on the Global AI Infrastructure Map
Nigeria-digital-sovreignty.png,wp-content/uploads/2026/06/Nigeria-digital-sovreignty.png,png,png,,,image,unknown,,Ghana and Nigeria: Building Secure Digital Infrastructure
Ghanas-Digital-Ecosystem.png,wp-content/uploads/2026/07/Ghanas-Digital-Ecosystem.png,png,png,,,image,unknown,,Ghana’s Digital Ecosystem
onix-power-cut-02-office-vs-tier-iv-data-centre.png,wp-content/uploads/2026/07/onix-power-cut-02-office-vs-tier-iv-data-centre.png,png,png,,,image,unknown,,Not Every Building Reacts the Same Way
onix-power-cut-03-ups-instant-response.png,wp-content/uploads/2026/07/onix-power-cut-03-ups-instant-response.png,png,png,,,image,unknown,,Power Never Stops. It Simply Changes Direction.
onix-power-cut-04-generators-start.png,wp-content/uploads/2026/07/onix-power-cut-04-generators-start.png,png,png,,,image,unknown,,Backup Power Takes Over
onix-power-cut-05-data-centre-cutaway.png,wp-content/uploads/2026/07/onix-power-cut-05-data-centre-cutaway.png,png,png,,,image,unknown,,It Takes an Entire Ecosystem to Keep One Rack Online
onix-power-cut-06-business-continuity.png,wp-content/uploads/2026/07/onix-power-cut-06-business-continuity.png,png,png,,,image,unknown,,"While the City Waits, Business Continues"
light-out-hero-wordpress.jpg,wp-content/uploads/2026/07/light-out-hero-wordpress.jpg,jpg,jpg,,,hero/banner,unknown,,The Lights Go Out. Does Your Business?
