content_id,old_url,seo_title_status,meta_description_status,canonical_status,social_status,robots_status,notes
88,/2026/07/28/what-happens-inside-a-tier-iv-data-centre-during-a-power-cut/,missing,missing,mapped,missing,default,
87,/2026/07/07/when-financial-data-comes-home-what-nigerias-new-direction-means-for-ghana/,missing,missing,mapped,missing,default,
86,/2026/06/15/ai-boom-africa-data-centres/,missing,missing,mapped,missing,default,
85,/2026/06/02/health-data-sovereignty-ghana-digital-health-infrastructure/,mapped,missing,mapped,missing,default,
84,/2026/05/19/your-server-room-is-not-a-data-centre/,mapped,missing,mapped,missing,default,
83,/2026/04/28/infrastructure-decisions-are-becoming-timing-decisions/,mapped,missing,mapped,missing,default,
82,/2026/04/14/war-conflict-revealing-about-cloud/,mapped,missing,mapped,missing,default,
81,/2026/03/31/africas-ai-future-infrastructure/,mapped,missing,mapped,missing,default,
80,/2026/03/09/ghana-independence-69-digital-nation/,mapped,missing,mapped,missing,default,
79,/2026/02/05/composable-dynamic-infrastructure/,mapped,missing,mapped,missing,default,
78,/2026/01/20/sla-vs-reality-data-centres-uptime/,mapped,missing,mapped,missing,default,
77,/2026/01/07/2026-the-year-reliability-becomes-strategy/,mapped,missing,mapped,missing,default,
76,/2025/12/08/returnee-onix-data-centre-business/,mapped,missing,mapped,missing,default,
75,/2025/10/14/linx-accra-live-at-onix/,mapped,missing,mapped,missing,default,
74,/2025/10/13/ghana-afts-accra-2025/,mapped,missing,mapped,missing,default,
73,/2025/09/30/local-infrastructure-future-gaming/,mapped,missing,mapped,missing,default,
72,/2025/09/09/digital-africa-summit-ghana-2025/,mapped,missing,mapped,missing,default,
71,/2025/08/28/hidden-latency-ghana/,mapped,missing,mapped,missing,default,
70,/2025/08/05/ghana-data-centre-powerhouse/,mapped,missing,mapped,missing,default,
69,/2025/07/22/gctu-students-explore-onix-data-centre/,mapped,missing,mapped,missing,default,
68,/2025/07/07/linx-accra-launches-ghana/,mapped,missing,mapped,missing,default,
67,/2025/07/02/reflections-pan-african-data-centre-conference/,mapped,missing,mapped,missing,default,
66,/2025/06/10/data-centres-decarbonisation-africa/,mapped,missing,mapped,missing,default,
65,/2025/05/28/carrier-neutral-data-centres/,mapped,missing,mapped,missing,default,
64,/2025/05/06/linx-accra-onix/,mapped,missing,mapped,missing,default,
63,/2025/04/24/blueprint-digital-africa-gitex-africa/,mapped,missing,mapped,missing,default,
62,/2025/04/08/powering-smart-cities-africa-infrastructure/,mapped,missing,mapped,missing,default,
61,/2025/03/25/africa-digital-infrastructure/,mapped,missing,mapped,missing,default,
60,/2025/03/11/africas-tech-industry-challenges/,mapped,missing,mapped,missing,default,
59,/2025/02/18/the-power-of-data-synchronisation-building-ghanas-digital-future/,mapped,missing,mapped,missing,default,
58,/2025/02/04/the-true-cost-of-downtime/,mapped,missing,mapped,missing,default,
57,/2025/01/23/revolutionising-innovation-africa-local-hosting/,mapped,missing,mapped,missing,default,
56,/2025/01/08/5-it-resolutions/,mapped,missing,mapped,missing,default,
55,/2024/12/17/santas-secret-data-centres/,mapped,missing,mapped,missing,default,
54,/2024/12/03/advantages-tier-iv-data-centre/,mapped,missing,mapped,missing,default,
53,/2024/11/13/onix-data-centres-linx-ghana/,mapped,missing,mapped,missing,default,
52,/2024/11/19/why-onix-location-genius/,mapped,missing,mapped,missing,default,
51,/2024/10/29/empowering-digital-transformation-africa-data-centres/,mapped,missing,mapped,missing,default,
50,/2024/10/15/data-centres-healthcare-africa/,mapped,missing,mapped,missing,default,
49,/2024/07/23/enhancing-resilience-security-it-outages/,mapped,missing,mapped,missing,default,
48,/2024/07/09/harnessing-ai-renewable-energy/,mapped,missing,mapped,missing,default,
47,/2024/06/20/strengthening-bonds-our-partnership-with-sekoe-chocolate-suppliers/,mapped,missing,mapped,missing,default,
46,/2024/06/11/data-centre-collaboration/,mapped,missing,mapped,missing,default,
45,/2024/05/28/global-connectivity/,mapped,missing,mapped,missing,default,
44,/2024/05/15/transparency-customer-awareness-data-hosting/,mapped,missing,mapped,missing,default,
43,/2024/05/07/data-centre-innovations-africa-adca-report/,mapped,missing,mapped,missing,default,
42,/2024/04/24/different-industries-utilise-data-centres/,mapped,missing,mapped,missing,default,
41,/2024/04/03/onix-data-centres-partnership-glico-insurance/,mapped,missing,mapped,missing,default,
40,/2024/03/26/onix-introduces-cloud-computing-ghana/,mapped,missing,mapped,missing,default,
39,/2024/03/18/digital-resilience-in-west-africa/,mapped,missing,mapped,missing,default,
38,/2024/03/07/edge-computing-in-ghana/,mapped,missing,mapped,missing,default,
37,/2024/02/20/solar-power-data-centres-sustainable/,mapped,missing,mapped,missing,default,
36,/2024/01/23/onix-growth-innovation-leadership-transition/,mapped,missing,mapped,missing,default,
35,/2024/01/16/navigating-2024-data-centre-trends/,mapped,missing,mapped,missing,default,
34,/2023/12/12/africas-data-centre-revolution/,mapped,missing,mapped,missing,default,
33,/2023/11/21/bluespace-financial-cloud-onix-data-centre/,mapped,missing,mapped,missing,default,
32,/2023/11/09/support-for-south-tongu-flood-relief/,mapped,missing,mapped,missing,default,
31,/2023/10/31/elevating-government-data-management-colocation-services/,mapped,missing,mapped,missing,default,
30,/2023/10/03/healthcare-colocation-data-centre/,mapped,missing,mapped,missing,default,
29,/2023/09/26/resilience-data-centres-natural-disasters/,mapped,missing,mapped,missing,default,
28,/2023/09/12/strategic-network-peering-a-beginners-guide/,mapped,missing,mapped,missing,default,
27,/2023/08/16/the-role-of-data-centres-in-smart-cities-the-future-of-urban-living-in-africa/,mapped,missing,mapped,missing,default,
26,/2023/08/02/solar-data-sustainable-solution/,mapped,missing,mapped,missing,default,
25,/2023/06/20/uptime-power-backup-onix-data-centre/,mapped,missing,mapped,missing,default,
24,/2023/02/17/onix-launch-dakar/,mapped,missing,mapped,missing,default,
23,/2023/05/11/tier-3-facility-in-dakar-2023-completion/,mapped,missing,mapped,missing,default,
22,/2023/05/09/protecting-your-data-the-importance-of-data-security-for-businesses-and-institutions/,mapped,missing,mapped,missing,default,
21,/2023/05/24/fire-suppression-data-centres/,mapped,missing,mapped,missing,default,
20,/2023/04/19/cold-aisle-containment-data-centre-cooling/,mapped,missing,mapped,missing,default,
19,/2023/03/23/senegal-the-next-singapore/,mapped,missing,mapped,missing,default,
18,/2023/03/08/colocation-data-centres/,mapped,missing,mapped,missing,default,
17,/2023/02/24/onix-ceo-mike-nahons-speech-senegal/,mapped,missing,mapped,missing,default,
16,/2022/12/20/onix-data-centre-accra-achieves-iso-27001-and-iso-9001-certification/,mapped,missing,mapped,missing,default,
15,/2022/11/29/afr-ix-onix-internet-data-partnership/,mapped,missing,mapped,missing,default,
14,/2022/11/17/onix-data-centre-announces-azure-stack-partnership-following-africa-tech-festival/,mapped,missing,mapped,missing,default,
13,/2021/09/21/onix-dc-accra-the-only-climate-friendly-data-centre-in-west-africa/,mapped,missing,mapped,missing,default,
12,/2021/06/07/africas-digital-economy-the-post-mobile-wave/,mapped,missing,mapped,missing,default,
11,/2021/04/06/why-african-data-centres-need-to-use-renewable-energy/,mapped,missing,mapped,missing,default,
10,/2021/03/04/african-infrastructure-investment-managers-acquires-majority-stake-in-ghana-based-data-centre-2/,mapped,missing,mapped,missing,default,
9,/2021/01/22/africa-drivers-of-growth-2021/,mapped,missing,mapped,missing,default,
8,/2020/12/21/connecting-the-unconnected-in-africa/,mapped,missing,mapped,missing,default,
7,/2020/12/21/broadband-the-most-effective-catalyst-for-development-in-emerging-markets/,mapped,missing,mapped,missing,default,
6,/2020/12/21/why-carrier-neutral-colocation-data-centres-will-predominate-in-africa/,mapped,missing,mapped,missing,default,
5,/2020/12/21/how-governments-can-help-grow-the-digital-economy-in-africa/,mapped,missing,mapped,missing,default,
4,/2020/12/21/challenges-in-data-centre-deployment-in-africa/,mapped,missing,mapped,missing,default,
3,/2020/11/21/why-africa-corporations-should-host-their-data-in-carrier-neutral-data-centres-not-in-house/,mapped,missing,mapped,missing,default,
2,/2025/10/28/africa-digital-cloud-resilience/,mapped,missing,mapped,missing,default,
1,/2025/11/13/what-is-peering/,mapped,missing,mapped,missing,default,