url,path,http_status,title,meta_description,canonical,h1,page_type,important_images,internal_link_count
https://onixdatacentres.com/,/,200,Onix Data Centre – Connecting Africa to the Globe,,https://onixdatacentres.com/,,homepage,https://onixdatacentres.com/wp-content/uploads/2021/10/ONIX-logo-png-300x196.png|https://onixdatacentres.com/wp-content/uploads/2021/10/ONIX-logo-png-1024x670.png|https://onixdatacentres.com/wp-content/uploads/2024/04/Images-collage-3.png,92
https://onixdatacentres.com/2020/11/21/why-africa-corporations-should-host-their-data-in-carrier-neutral-data-centres-not-in-house/,/2020/11/21/why-africa-corporations-should-host-their-data-in-carrier-neutral-data-centres-not-in-house/,200,"Why Africa Corporations Should Host Their Data in Carrier Neutral Data Centres, Not In House – Onix Data Centre",,https://onixdatacentres.com/2020/11/21/why-africa-corporations-should-host-their-data-in-carrier-neutral-data-centres-not-in-house/,"Why Africa Corporations Should Host Their Data in Carrier Neutral Data Centres, Not In House",article,https://onixdatacentres.com/wp-content/uploads/2021/10/ONIX-logo-png-1024x670.png|https://onixdatacentres.com/wp-content/uploads/2020/11/why-african.jpg|https://onixdatacentres.com/wp-content/uploads/2019/12/blog-post.png,82
https://onixdatacentres.com/2020/12/21/broadband-the-most-effective-catalyst-for-development-in-emerging-markets/,/2020/12/21/broadband-the-most-effective-catalyst-for-development-in-emerging-markets/,200,Broadband – The Most Effective Catalyst for Development in Emerging Markets – Onix Data Centre,,https://onixdatacentres.com/2020/12/21/broadband-the-most-effective-catalyst-for-development-in-emerging-markets/,Broadband – The Most Effective Catalyst for Development in Emerging Markets,article,https://onixdatacentres.com/wp-content/uploads/2021/10/ONIX-logo-png-1024x670.png|https://onixdatacentres.com/wp-content/uploads/2020/12/broadband-blog.jpg|https://onixdatacentres.com/wp-content/uploads/2022/11/Onix_white_logo.png,82
https://onixdatacentres.com/2020/12/21/challenges-in-data-centre-deployment-in-africa/,/2020/12/21/challenges-in-data-centre-deployment-in-africa/,200,Challenges in Data Centre Deployment in Africa – Onix Data Centre,,https://onixdatacentres.com/2020/12/21/challenges-in-data-centre-deployment-in-africa/,Challenges in Data Centre Deployment in Africa,article,https://onixdatacentres.com/wp-content/uploads/2021/10/ONIX-logo-png-1024x670.png|https://onixdatacentres.com/wp-content/uploads/2020/12/challenges.jpg|https://onixdatacentres.com/wp-content/uploads/2019/12/blog-post.png,81
https://onixdatacentres.com/2020/12/21/connecting-the-unconnected-in-africa/,/2020/12/21/connecting-the-unconnected-in-africa/,200,Connecting the Unconnected (In Africa) – Onix Data Centre,,https://onixdatacentres.com/2020/12/21/connecting-the-unconnected-in-africa/,Connecting the Unconnected (In Africa),article,https://onixdatacentres.com/wp-content/uploads/2021/10/ONIX-logo-png-1024x670.png|https://onixdatacentres.com/wp-content/uploads/2020/12/connect-unconnected.jpg|https://onixdatacentres.com/wp-content/uploads/2022/11/Onix_white_logo.png,81
https://onixdatacentres.com/2020/12/21/how-governments-can-help-grow-the-digital-economy-in-africa/,/2020/12/21/how-governments-can-help-grow-the-digital-economy-in-africa/,200,How Governments can Help Grow the Digital Economy in Africa – Onix Data Centre,,https://onixdatacentres.com/2020/12/21/how-governments-can-help-grow-the-digital-economy-in-africa/,How Governments can Help Grow the Digital Economy in Africa,article,https://onixdatacentres.com/wp-content/uploads/2021/10/ONIX-logo-png-1024x670.png|https://onixdatacentres.com/wp-content/uploads/2020/12/govt.jpg|https://onixdatacentres.com/wp-content/uploads/2022/11/Onix_white_logo.png,82
https://onixdatacentres.com/2020/12/21/why-carrier-neutral-colocation-data-centres-will-predominate-in-africa/,/2020/12/21/why-carrier-neutral-colocation-data-centres-will-predominate-in-africa/,200,Why Carrier Neutral Colocation Data Centres will Predominate in Africa – Onix Data Centre,,https://onixdatacentres.com/2020/12/21/why-carrier-neutral-colocation-data-centres-will-predominate-in-africa/,Why Carrier Neutral Colocation Data Centres will Predominate in Africa,article,https://onixdatacentres.com/wp-content/uploads/2021/10/ONIX-logo-png-1024x670.png|https://onixdatacentres.com/wp-content/uploads/2020/12/carrier-neutral.jpg|https://onixdatacentres.com/wp-content/uploads/2022/11/Onix_white_logo.png,82
https://onixdatacentres.com/2021/01/22/africa-drivers-of-growth-2021/,/2021/01/22/africa-drivers-of-growth-2021/,200,Africa – Drivers of growth – 2021 – Onix Data Centre,,https://onixdatacentres.com/2021/01/22/africa-drivers-of-growth-2021/,Africa – Drivers of growth – 2021,article,https://onixdatacentres.com/wp-content/uploads/2021/10/ONIX-logo-png-1024x670.png|https://onixdatacentres.com/wp-content/uploads/2021/01/rural-scene-fruit-africa-kenya-farmer-market-bright-and-colorful-vendors-selling_t20_e968xm-934x1024.jpg|https://onixdatacentres.com/wp-content/uploads/2022/11/Onix_white_logo.png,81
https://onixdatacentres.com/2021/03/04/african-infrastructure-investment-managers-acquires-majority-stake-in-ghana-based-data-centre-2/,/2021/03/04/african-infrastructure-investment-managers-acquires-majority-stake-in-ghana-based-data-centre-2/,200,African Infrastructure Investment Managers Acquires Majority Stake in Ghana-based Data Centre – Onix Data Centre,,https://onixdatacentres.com/2021/03/04/african-infrastructure-investment-managers-acquires-majority-stake-in-ghana-based-data-centre-2/,African Infrastructure Investment Managers Acquires Majority Stake in Ghana-based Data Centre,article,https://onixdatacentres.com/wp-content/uploads/2021/10/ONIX-logo-png-1024x670.png|https://onixdatacentres.com/wp-content/uploads/2021/03/unnamed.png|https://onixdatacentres.com/wp-content/uploads/2021/03/unnamed-300x235.png,81
https://onixdatacentres.com/2021/04/06/why-african-data-centres-need-to-use-renewable-energy/,/2021/04/06/why-african-data-centres-need-to-use-renewable-energy/,200,Why African Data Centres Need To Use Renewable Energy – Onix Data Centre,,https://onixdatacentres.com/2021/04/06/why-african-data-centres-need-to-use-renewable-energy/,Why African Data Centres Need To Use Renewable Energy,article,https://onixdatacentres.com/wp-content/uploads/2021/10/ONIX-logo-png-1024x670.png|https://onixdatacentres.com/wp-content/uploads/2021/04/Africa-Data-image-1.jpg|https://onixdatacentres.com/wp-content/uploads/2022/11/Onix_white_logo.png,81
https://onixdatacentres.com/2021/06/07/africas-digital-economy-the-post-mobile-wave/,/2021/06/07/africas-digital-economy-the-post-mobile-wave/,200,Africa’s Digital Economy – The Post Mobile Wave – Onix Data Centre,,https://onixdatacentres.com/2021/06/07/africas-digital-economy-the-post-mobile-wave/,Africa’s Digital Economy – The Post Mobile Wave,article,https://onixdatacentres.com/wp-content/uploads/2021/10/ONIX-logo-png-1024x670.png|https://onixdatacentres.com/wp-content/uploads/2021/06/unnamed-1.jpeg|https://onixdatacentres.com/wp-content/uploads/2022/11/Onix_white_logo.png,81
https://onixdatacentres.com/2021/09/21/onix-dc-accra-the-only-climate-friendly-data-centre-in-west-africa/,/2021/09/21/onix-dc-accra-the-only-climate-friendly-data-centre-in-west-africa/,200,ONIX DC ACCRA –   The Only Climate Friendly Data Centre in West Africa – Onix Data Centre,,https://onixdatacentres.com/2021/09/21/onix-dc-accra-the-only-climate-friendly-data-centre-in-west-africa/,ONIX DC ACCRA –   The Only Climate Friendly Data Centre in West Africa,article,https://onixdatacentres.com/wp-content/uploads/2021/10/ONIX-logo-png-1024x670.png|https://onixdatacentres.com/wp-content/uploads/2021/09/pexels-red-zeppelin-4148472-scaled-1-1024x768.jpg|https://onixdatacentres.com/wp-content/uploads/2021/09/Screenshot-2021-09-21-at-22.10.35.png,81
https://onixdatacentres.com/2022/11/17/onix-data-centre-announces-azure-stack-partnership-following-africa-tech-festival/,/2022/11/17/onix-data-centre-announces-azure-stack-partnership-following-africa-tech-festival/,200,Onix Data Centre Announces Azure Stack Partnership following Africa Tech Festival – Onix Data Centre,,https://onixdatacentres.com/2022/11/17/onix-data-centre-announces-azure-stack-partnership-following-africa-tech-festival/,Onix Data Centre Announces Azure Stack Partnership following Africa Tech Festival,article,https://onixdatacentres.com/wp-content/uploads/2021/10/ONIX-logo-png-1024x670.png|https://onixdatacentres.com/wp-content/uploads/2022/11/Onix-Team-at-Africa-Tech-Festival-1024x768.jpeg|https://onixdatacentres.com/wp-content/uploads/2022/11/liquid-onix-1000x800.jpeg,84
https://onixdatacentres.com/2022/11/29/afr-ix-onix-internet-data-partnership/,/2022/11/29/afr-ix-onix-internet-data-partnership/,200,"AFR-IX telecom, global Internet Service Provider establishes strategic regional Point of Presence (POP) at ONIX Data Center – Onix Data Centre",,https://onixdatacentres.com/2022/11/29/afr-ix-onix-internet-data-partnership/,"AFR-IX telecom, global Internet Service Provider establishes strategic regional Point of Presence (POP) at ONIX Data Center",article,https://onixdatacentres.com/wp-content/uploads/2021/10/ONIX-logo-png-1024x670.png|https://onixdatacentres.com/wp-content/uploads/2022/11/Onix-Team-on-Banner-1024x768.jpeg|https://onixdatacentres.com/wp-content/uploads/2022/11/Onix_white_logo.png,81
https://onixdatacentres.com/2022/12/20/onix-data-centre-accra-achieves-iso-27001-and-iso-9001-certification/,/2022/12/20/onix-data-centre-accra-achieves-iso-27001-and-iso-9001-certification/,200,"Onix Data Centre, Accra Achieves ISO 27001 and ISO 9001 Certification – Onix Data Centre",,https://onixdatacentres.com/2022/12/20/onix-data-centre-accra-achieves-iso-27001-and-iso-9001-certification/,"Onix Data Centre, Accra Achieves ISO 27001 and ISO 9001 Certification",article,https://onixdatacentres.com/wp-content/uploads/2021/10/ONIX-logo-png-1024x670.png|https://onixdatacentres.com/wp-content/uploads/2022/12/onix-iso-certification-image-e1671529932223.jpeg|https://onixdatacentres.com/wp-content/uploads/2022/11/Onix_white_logo.png,81
https://onixdatacentres.com/2023/02/17/onix-launch-dakar/,/2023/02/17/onix-launch-dakar/,200,Onix Data Centres Launches New Neutral Colocation Data Centre in Senegal – Onix Data Centre,,https://onixdatacentres.com/2023/02/17/onix-launch-dakar/,,article,https://onixdatacentres.com/wp-content/uploads/2021/10/ONIX-logo-png-1024x670.png|https://onixdatacentres.com/wp-content/uploads/2023/02/WhatsApp-Image-2023-02-16-at-23.36.54-1024x637.jpeg|https://onixdatacentres.com/wp-content/uploads/2022/11/Onix_white_logo.png,82
https://onixdatacentres.com/2023/02/24/onix-ceo-mike-nahons-speech-senegal/,/2023/02/24/onix-ceo-mike-nahons-speech-senegal/,200,"Onix CEO, Mike Nahon’s Speech at Data Centre Launch in Senegal – Onix Data Centre",,https://onixdatacentres.com/2023/02/24/onix-ceo-mike-nahons-speech-senegal/,"Onix CEO, Mike Nahon’s Speech at Data Centre Launch in Senegal",article,https://onixdatacentres.com/wp-content/uploads/2021/10/ONIX-logo-png-1024x670.png|https://onixdatacentres.com/wp-content/uploads/2023/02/A7R9115-1024x683.jpg|https://onixdatacentres.com/wp-content/uploads/2023/02/DSC06268-1024x683.jpg,82
https://onixdatacentres.com/2023/03/08/colocation-data-centres/,/2023/03/08/colocation-data-centres/,200,"Colocation Data Centres: Maximising Security, Connectivity, Capital – Onix Data Centre",,https://onixdatacentres.com/2023/03/08/colocation-data-centres/,"Colocation Data Centres: Maximising Security, Connectivity, Capital",article,https://onixdatacentres.com/wp-content/uploads/2021/10/ONIX-logo-png-1024x670.png|https://onixdatacentres.com/wp-content/uploads/2023/03/ONIX-DATA-CENTER-KEELSON-STUDIOS-2-1024x683.jpg|https://onixdatacentres.com/wp-content/uploads/2023/03/ONIX-DATA-CENTER-KEELSON-STUDIOS-62-1024x683.jpg,82
https://onixdatacentres.com/2023/03/23/senegal-the-next-singapore/,/2023/03/23/senegal-the-next-singapore/,200,"Senegal, the Next Singapore: Why Now is the Time to Invest  – Onix Data Centre",,https://onixdatacentres.com/2023/03/23/senegal-the-next-singapore/,"Senegal, the Next Singapore: Why Now is the Time to Invest",article,https://onixdatacentres.com/wp-content/uploads/2021/10/ONIX-logo-png-1024x670.png|https://onixdatacentres.com/wp-content/uploads/2023/03/20230213_183339-1024x461.jpg|https://onixdatacentres.com/wp-content/uploads/2023/03/DSC06633-1024x683.jpg,82
https://onixdatacentres.com/2023/04/19/cold-aisle-containment-data-centre-cooling/,/2023/04/19/cold-aisle-containment-data-centre-cooling/,200,Cold Aisle Containment: The Key to Efficient Data Centre Cooling in Tropical Climates – Onix Data Centre,,https://onixdatacentres.com/2023/04/19/cold-aisle-containment-data-centre-cooling/,Cold Aisle Containment: The Key to Efficient Data Centre Cooling in Tropical Climates,article,https://onixdatacentres.com/wp-content/uploads/2021/10/ONIX-logo-png-1024x670.png|https://onixdatacentres.com/wp-content/uploads/2023/04/ONIX-DATA-3-1024x536.jpg|https://onixdatacentres.com/wp-content/uploads/2023/04/ONIX-DATA-CENTER-KEELSON-STUDIOS-62-1024x683.jpg,82
https://onixdatacentres.com/2023/05/09/protecting-your-data-the-importance-of-data-security-for-businesses-and-institutions/,/2023/05/09/protecting-your-data-the-importance-of-data-security-for-businesses-and-institutions/,200,Protecting Your Data: The Importance of Data Security for Businesses and Institutions – Onix Data Centre,,https://onixdatacentres.com/2023/05/09/protecting-your-data-the-importance-of-data-security-for-businesses-and-institutions/,Protecting Your Data: The Importance of Data Security for Businesses and Institutions,article,https://onixdatacentres.com/wp-content/uploads/2021/10/ONIX-logo-png-1024x670.png|https://onixdatacentres.com/wp-content/uploads/2023/05/image0-1024x536.jpeg|https://onixdatacentres.com/wp-content/uploads/2023/05/ONIX-DATA-CENTER-KEELSON-STUDIOS-62-1024x683.jpg,82
https://onixdatacentres.com/2023/05/11/tier-3-facility-in-dakar-2023-completion/,/2023/05/11/tier-3-facility-in-dakar-2023-completion/,200,Transforming Connectivity: Onix Data Centre’s Tier 3 Facility in Dakar – Q4 2023 Completion – Onix Data Centre,,https://onixdatacentres.com/2023/05/11/tier-3-facility-in-dakar-2023-completion/,Transforming Connectivity: Onix Data Centre’s Tier 3 Facility in Dakar – Q4 2023 Completion,article,https://onixdatacentres.com/wp-content/uploads/2021/10/ONIX-logo-png-1024x670.png|https://onixdatacentres.com/wp-content/uploads/2023/05/WhatsApp-Image-2023-05-11-at-10.06.02-1024x768.jpeg|https://onixdatacentres.com/wp-content/uploads/2022/11/Onix_white_logo.png,82
https://onixdatacentres.com/2023/05/24/fire-suppression-data-centres/,/2023/05/24/fire-suppression-data-centres/,200,Securing Your Data: Advanced Fire Suppression in Data Centres – Onix Data Centre,,https://onixdatacentres.com/2023/05/24/fire-suppression-data-centres/,Securing Your Data: Advanced Fire Suppression in Data Centres,article,https://onixdatacentres.com/wp-content/uploads/2021/10/ONIX-logo-png-1024x670.png|https://onixdatacentres.com/wp-content/uploads/2023/05/ONIX-fire-suppression-system-copy-1-1024x536.jpg|https://onixdatacentres.com/wp-content/uploads/2023/05/ONIX-DATA-CENTER-KEELSON-STUDIOS-77-683x1024.jpg,82
https://onixdatacentres.com/2023/06/20/uptime-power-backup-onix-data-centre/,/2023/06/20/uptime-power-backup-onix-data-centre/,200,"Ensuring 99.995% Uptime: Power Backup Systems at Onix Data Centre in Accra, Ghana  – Onix Data Centre",,https://onixdatacentres.com/2023/06/20/uptime-power-backup-onix-data-centre/,"Ensuring 99.995% Uptime: Power Backup Systems at Onix Data Centre in Accra, Ghana",article,https://onixdatacentres.com/wp-content/uploads/2021/10/ONIX-logo-png-1024x670.png|https://onixdatacentres.com/wp-content/uploads/2023/06/Onix-Backup-Power-solutions-1024x536.jpg|https://onixdatacentres.com/wp-content/uploads/2023/06/ONIX-DATA-CENTER-KEELSON-STUDIOS-6-1024x643.jpg,83
https://onixdatacentres.com/2023/08/02/solar-data-sustainable-solution/,/2023/08/02/solar-data-sustainable-solution/,200,Solar-Powered Data Storage: Onix’s Sustainable Solution – Onix Data Centre,,https://onixdatacentres.com/2023/08/02/solar-data-sustainable-solution/,Solar-Powered Data Storage: Onix’s Sustainable Solution,article,https://onixdatacentres.com/wp-content/uploads/2021/10/ONIX-logo-png-1024x670.png|https://onixdatacentres.com/wp-content/uploads/2023/08/ONIX-blog-v2.jpg|https://onixdatacentres.com/wp-content/uploads/2023/08/ONIX-DATA-CENTER-KEELSON-STUDIOS-36-1024x643.jpg,82
https://onixdatacentres.com/2023/08/16/the-role-of-data-centres-in-smart-cities-the-future-of-urban-living-in-africa/,/2023/08/16/the-role-of-data-centres-in-smart-cities-the-future-of-urban-living-in-africa/,200,The Role of Data Centres in Smart Cities: The Future of Urban Living in Africa – Onix Data Centre,,https://onixdatacentres.com/2023/08/16/the-role-of-data-centres-in-smart-cities-the-future-of-urban-living-in-africa/,The Role of Data Centres in Smart Cities: The Future of Urban Living in Africa,article,https://onixdatacentres.com/wp-content/uploads/2021/10/ONIX-logo-png-1024x670.png|https://onixdatacentres.com/wp-content/uploads/2023/08/Africa-smart-city-3.png|https://onixdatacentres.com/wp-content/uploads/2023/01/ONIX-DATA-CENTER-KEELSON-STUDIOS-2-scaled.jpg,82
https://onixdatacentres.com/2023/09/12/strategic-network-peering-a-beginners-guide/,/2023/09/12/strategic-network-peering-a-beginners-guide/,200,Strategic Network Peering: A Beginners Guide – Onix Data Centre,,https://onixdatacentres.com/2023/09/12/strategic-network-peering-a-beginners-guide/,Strategic Network Peering: A Beginners Guide,article,https://onixdatacentres.com/wp-content/uploads/2021/10/ONIX-logo-png-1024x670.png|https://onixdatacentres.com/wp-content/uploads/2023/09/ONIX-blog-image-sept12.png|https://onixdatacentres.com/wp-content/uploads/2023/09/image.jpeg,82
https://onixdatacentres.com/2023/09/26/resilience-data-centres-natural-disasters/,/2023/09/26/resilience-data-centres-natural-disasters/,200,Resilience in Data Centres: Preparing for Natural Disasters – Onix Data Centre,,https://onixdatacentres.com/2023/09/26/resilience-data-centres-natural-disasters/,Resilience in Data Centres: Preparing for Natural Disasters,article,https://onixdatacentres.com/wp-content/uploads/2021/10/ONIX-logo-png-1024x670.png|https://onixdatacentres.com/wp-content/uploads/2023/09/Onix-blog-image-26-09.png|https://onixdatacentres.com/wp-content/uploads/2023/09/ONIX-DATA-CENTER-KEELSON-STUDIOS-65-1024x683.jpg,83
https://onixdatacentres.com/2023/10/03/healthcare-colocation-data-centre/,/2023/10/03/healthcare-colocation-data-centre/,200,Revolutionising Healthcare Through Colocation Data Centre Solutions – Onix Data Centre,,https://onixdatacentres.com/2023/10/03/healthcare-colocation-data-centre/,Revolutionising Healthcare Through Colocation Data Centre Solutions,article,https://onixdatacentres.com/wp-content/uploads/2021/10/ONIX-logo-png-1024x670.png|https://onixdatacentres.com/wp-content/uploads/2023/10/ONIX-blog-image-03-10-a.jpg|https://onixdatacentres.com/wp-content/uploads/2023/05/ONIX-DATA-CENTER-KEELSON-STUDIOS-59-1024x683.jpg,85
https://onixdatacentres.com/2023/10/31/elevating-government-data-management-colocation-services/,/2023/10/31/elevating-government-data-management-colocation-services/,200,Elevating Government Data Management Through Onix Data Centre’s Colocation Services – Onix Data Centre,,https://onixdatacentres.com/2023/10/31/elevating-government-data-management-colocation-services/,Elevating Government Data Management Through Onix Data Centre’s Colocation Services,article,https://onixdatacentres.com/wp-content/uploads/2021/10/ONIX-logo-png-1024x670.png|https://onixdatacentres.com/wp-content/uploads/2023/10/ONIX-blog-image-oct-2.jpg|https://onixdatacentres.com/wp-content/uploads/2023/03/ONIX-DATA-CENTER-KEELSON-STUDIOS-59-1024x683.jpg,83
https://onixdatacentres.com/2023/11/09/support-for-south-tongu-flood-relief/,/2023/11/09/support-for-south-tongu-flood-relief/,200,Community Solidarity: Onix Data Centre’s Support for South Tongu Flood Relief – Onix Data Centre,,https://onixdatacentres.com/2023/11/09/support-for-south-tongu-flood-relief/,Community Solidarity: Onix Data Centre’s Support for South Tongu Flood Relief,article,https://onixdatacentres.com/wp-content/uploads/2021/10/ONIX-logo-png-1024x670.png|https://onixdatacentres.com/wp-content/uploads/2023/11/20231107_150219-1024x461.jpg|https://onixdatacentres.com/wp-content/uploads/2023/11/DSC_1084-1024x685.jpg,82
https://onixdatacentres.com/2023/11/21/bluespace-financial-cloud-onix-data-centre/,/2023/11/21/bluespace-financial-cloud-onix-data-centre/,200,BlueSPACE Financial Cloud and Onix Data Centre Join Forces to Redefine Financial Technology Landscape. – Onix Data Centre,,https://onixdatacentres.com/2023/11/21/bluespace-financial-cloud-onix-data-centre/,BlueSPACE Financial Cloud and Onix Data Centre Join Forces to Redefine Financial Technology Landscape.,article,https://onixdatacentres.com/wp-content/uploads/2021/10/ONIX-logo-png-1024x670.png|https://onixdatacentres.com/wp-content/uploads/2023/11/BlueSPACE-Onix-Team-Onsite-visit-1-1024x768.jpeg|https://onixdatacentres.com/wp-content/uploads/2022/11/Onix_white_logo.png,82
https://onixdatacentres.com/2023/12/12/africas-data-centre-revolution/,/2023/12/12/africas-data-centre-revolution/,200,Onix Data Centre: Aligning with Africa’s Data Centre and Cloud Services Revolution – Onix Data Centre,,https://onixdatacentres.com/2023/12/12/africas-data-centre-revolution/,Onix Data Centre: Aligning with Africa’s Data Centre and Cloud Services Revolution,article,https://onixdatacentres.com/wp-content/uploads/2021/10/ONIX-logo-png-1024x670.png|https://onixdatacentres.com/wp-content/uploads/2023/12/20231212094516.png|https://onixdatacentres.com/wp-content/uploads/2023/12/20231212094823.png,82
https://onixdatacentres.com/2024/01/16/navigating-2024-data-centre-trends/,/2024/01/16/navigating-2024-data-centre-trends/,200,Navigating the Future: Reflecting on Vertiv’s 2024 Data Centre Trends and Their Implications for Onix Data Centre – Onix Data Centre,,https://onixdatacentres.com/2024/01/16/navigating-2024-data-centre-trends/,Navigating the Future: Reflecting on Vertiv’s 2024 Data Centre Trends and Their Implications for Onix Data Centre,article,https://onixdatacentres.com/wp-content/uploads/2021/10/ONIX-logo-png-1024x670.png|https://onixdatacentres.com/wp-content/uploads/2024/01/ONIX-blog-image-Jan-16.png|https://onixdatacentres.com/wp-content/uploads/2024/01/ai-data-centres-onix-vertiv-1024x574.png,83
https://onixdatacentres.com/2024/01/23/onix-growth-innovation-leadership-transition/,/2024/01/23/onix-growth-innovation-leadership-transition/,200,Onix Data Centres Embarks on a New Chapter of Growth and Innovation with Leadership Transition  – Onix Data Centre,,https://onixdatacentres.com/2024/01/23/onix-growth-innovation-leadership-transition/,Onix Data Centres Embarks on a New Chapter of Growth and Innovation with Leadership Transition,article,https://onixdatacentres.com/wp-content/uploads/2021/10/ONIX-logo-png-1024x670.png|https://onixdatacentres.com/wp-content/uploads/2024/01/ONIX-logo-press-1024x818.png|https://onixdatacentres.com/wp-content/uploads/2022/11/Onix_white_logo.png,82
https://onixdatacentres.com/2024/02/20/solar-power-data-centres-sustainable/,/2024/02/20/solar-power-data-centres-sustainable/,200,Can Solar Power Revolutionise Data Centres for a Sustainable Future? – Onix Data Centre,,https://onixdatacentres.com/2024/02/20/solar-power-data-centres-sustainable/,Can Solar Power Revolutionise Data Centres for a Sustainable Future?,article,https://onixdatacentres.com/wp-content/uploads/2021/10/ONIX-logo-png-1024x670.png|https://onixdatacentres.com/wp-content/uploads/2024/02/ONIX-blog-image-20-feb.jpg|https://onixdatacentres.com/wp-content/uploads/2023/05/ONIX-DATA-CENTER-KEELSON-STUDIOS-59-1024x683.jpg,83
https://onixdatacentres.com/2024/03/07/edge-computing-in-ghana/,/2024/03/07/edge-computing-in-ghana/,200,The Role of Edge Computing in Ghana’s Digital Transformation in Ghana – Onix Data Centre,,https://onixdatacentres.com/2024/03/07/edge-computing-in-ghana/,The Role of Edge Computing in Ghana’s Digital Transformation in Ghana,article,https://onixdatacentres.com/wp-content/uploads/2021/10/ONIX-logo-png-1024x670.png|https://onixdatacentres.com/wp-content/uploads/2024/03/ONIX-blog-image-7-March-.png|https://onixdatacentres.com/wp-content/uploads/2024/03/digital-ghana.png,82
https://onixdatacentres.com/2024/03/18/digital-resilience-in-west-africa/,/2024/03/18/digital-resilience-in-west-africa/,200,Ensuring Digital Resilience in West Africa: Onix Data Centres’ Strategic Edge Amidst Internet Outages – Onix Data Centre,,https://onixdatacentres.com/2024/03/18/digital-resilience-in-west-africa/,Ensuring Digital Resilience in West Africa: Onix Data Centres’ Strategic Edge Amidst Internet Outages,article,https://onixdatacentres.com/wp-content/uploads/2021/10/ONIX-logo-png-1024x670.png|https://onixdatacentres.com/wp-content/uploads/2024/03/ONIX-blog-image-18-03.png|https://onixdatacentres.com/wp-content/uploads/2023/05/ONIX-DATA-CENTER-KEELSON-STUDIOS-62-1024x683.jpg,82
https://onixdatacentres.com/2024/03/26/onix-introduces-cloud-computing-ghana/,/2024/03/26/onix-introduces-cloud-computing-ghana/,200,Onix Data Centres Introduces Revolutionary Cloud/Virtual Computing Service in Ghana  – Onix Data Centre,,https://onixdatacentres.com/2024/03/26/onix-introduces-cloud-computing-ghana/,Onix Data Centres Introduces Revolutionary Cloud/Virtual Computing Service in Ghana,article,https://onixdatacentres.com/wp-content/uploads/2021/10/ONIX-logo-png-1024x670.png|https://onixdatacentres.com/wp-content/uploads/2024/03/ONIX-blog-image-26-03.png|https://onixdatacentres.com/wp-content/uploads/2022/11/Onix_white_logo.png,82
https://onixdatacentres.com/2024/04/03/onix-data-centres-partnership-glico-insurance/,/2024/04/03/onix-data-centres-partnership-glico-insurance/,200,Onix Data Centres Announces Strategic Partnership with GLICO General Insurance Ltd. – Onix Data Centre,,https://onixdatacentres.com/2024/04/03/onix-data-centres-partnership-glico-insurance/,Onix Data Centres Announces Strategic Partnership with GLICO General Insurance Ltd.,article,https://onixdatacentres.com/wp-content/uploads/2021/10/ONIX-logo-png-1024x670.png|https://onixdatacentres.com/wp-content/uploads/2024/04/20240312_150056-1024x768.jpg|https://onixdatacentres.com/wp-content/uploads/2024/04/20240312_150056-1024x768.jpg,82
https://onixdatacentres.com/2024/04/24/different-industries-utilise-data-centres/,/2024/04/24/different-industries-utilise-data-centres/,200,How Do Different Industries Utilise Data Centres? – Onix Data Centre,,https://onixdatacentres.com/2024/04/24/different-industries-utilise-data-centres/,How Do Different Industries Utilise Data Centres?,article,https://onixdatacentres.com/wp-content/uploads/2021/10/ONIX-logo-png-1024x670.png|https://onixdatacentres.com/wp-content/uploads/2024/04/ONIX-blog-image-Apr-23.png|https://onixdatacentres.com/wp-content/uploads/2023/03/ONIX-DATA-CENTER-KEELSON-STUDIOS-62-1024x683.jpg,82
https://onixdatacentres.com/2024/05/07/data-centre-innovations-africa-adca-report/,/2024/05/07/data-centre-innovations-africa-adca-report/,200,Pioneering Data Centre Innovations in Africa – Insights from the 2024 ADCA Report – Onix Data Centre,,https://onixdatacentres.com/2024/05/07/data-centre-innovations-africa-adca-report/,Pioneering Data Centre Innovations in Africa – Insights from the 2024 ADCA Report,article,https://onixdatacentres.com/wp-content/uploads/2021/10/ONIX-logo-png-1024x670.png|https://onixdatacentres.com/wp-content/uploads/2024/05/20240507092212-1024x582.png|https://onixdatacentres.com/wp-content/uploads/2023/05/ONIX-DATA-CENTER-KEELSON-STUDIOS-58-1024x683.jpg,83
https://onixdatacentres.com/2024/05/15/transparency-customer-awareness-data-hosting/,/2024/05/15/transparency-customer-awareness-data-hosting/,200,Urgent Call for Transparency: The Critical Need for Customer Awareness in Data Hosting  – Onix Data Centre,,https://onixdatacentres.com/2024/05/15/transparency-customer-awareness-data-hosting/,Urgent Call for Transparency: The Critical Need for Customer Awareness in Data Hosting,article,https://onixdatacentres.com/wp-content/uploads/2021/10/ONIX-logo-png-1024x670.png|https://onixdatacentres.com/wp-content/uploads/2024/05/ONIX-blog-image-14-May.png|https://onixdatacentres.com/wp-content/uploads/2023/03/ONIX-DATA-CENTER-KEELSON-STUDIOS-2-1024x683.jpg,83
https://onixdatacentres.com/2024/05/28/global-connectivity/,/2024/05/28/global-connectivity/,200,The Significance of Global Connectivity – Onix Data Centre,,https://onixdatacentres.com/2024/05/28/global-connectivity/,The Significance of Global Connectivity,article,https://onixdatacentres.com/wp-content/uploads/2021/10/ONIX-logo-png-1024x670.png|https://onixdatacentres.com/wp-content/uploads/2024/05/May-28.jpg|https://onixdatacentres.com/wp-content/uploads/2024/05/data-centres-worldwide.png,83
https://onixdatacentres.com/2024/06/11/data-centre-collaboration/,/2024/06/11/data-centre-collaboration/,200,Unlocking the Future: Data Centre Collaboration – Onix Data Centre,,https://onixdatacentres.com/2024/06/11/data-centre-collaboration/,Unlocking the Future: Data Centre Collaboration,article,https://onixdatacentres.com/wp-content/uploads/2021/10/ONIX-logo-png-1024x670.png|https://onixdatacentres.com/wp-content/uploads/2024/06/ONIX-blog-image-June.jpg|https://onixdatacentres.com/wp-content/uploads/2024/06/Media-768x1024.jpeg,83
https://onixdatacentres.com/2024/06/20/strengthening-bonds-our-partnership-with-sekoe-chocolate-suppliers/,/2024/06/20/strengthening-bonds-our-partnership-with-sekoe-chocolate-suppliers/,200,Strengthening Bonds: Our Partnership with Sekoe Chocolate Suppliers – Onix Data Centre,,https://onixdatacentres.com/2024/06/20/strengthening-bonds-our-partnership-with-sekoe-chocolate-suppliers/,Strengthening Bonds: Our Partnership with Sekoe Chocolate Suppliers,article,https://onixdatacentres.com/wp-content/uploads/2021/10/ONIX-logo-png-1024x670.png|https://onixdatacentres.com/wp-content/uploads/2024/06/20240610_145009400_iOS-768x1024.jpg|https://onixdatacentres.com/wp-content/uploads/2024/06/20240610_145009400_iOS-768x1024.jpg,82
https://onixdatacentres.com/2024/07/09/harnessing-ai-renewable-energy/,/2024/07/09/harnessing-ai-renewable-energy/,200,Harnessing AI and Renewable Energy: The Future of Data Centres in Africa – Onix Data Centre,,https://onixdatacentres.com/2024/07/09/harnessing-ai-renewable-energy/,Harnessing AI and Renewable Energy: The Future of Data Centres in Africa,article,https://onixdatacentres.com/wp-content/uploads/2021/10/ONIX-logo-png-1024x670.png|https://onixdatacentres.com/wp-content/uploads/2024/07/ONIX-blog-image-Jul-9.jpg|https://onixdatacentres.com/wp-content/uploads/2023/05/ONIX-DATA-CENTER-KEELSON-STUDIOS-58-1024x683.jpg,82
https://onixdatacentres.com/2024/07/23/enhancing-resilience-security-it-outages/,/2024/07/23/enhancing-resilience-security-it-outages/,200,Enhancing Resilience and Security with Onix Data Centres Amidst Global IT Outages – Onix Data Centre,,https://onixdatacentres.com/2024/07/23/enhancing-resilience-security-it-outages/,Enhancing Resilience and Security with Onix Data Centres Amidst Global IT Outages,article,https://onixdatacentres.com/wp-content/uploads/2021/10/ONIX-logo-png-1024x670.png|https://onixdatacentres.com/wp-content/uploads/2024/07/BSOD-blog-image.jpg|https://onixdatacentres.com/wp-content/uploads/2024/07/interner-outages-worldwide.png,83
https://onixdatacentres.com/2024/10/15/data-centres-healthcare-africa/,/2024/10/15/data-centres-healthcare-africa/,200,The Role of Data Centres in Transforming Healthcare in West Africa – Onix Data Centre,,https://onixdatacentres.com/2024/10/15/data-centres-healthcare-africa/,The Role of Data Centres in Transforming Healthcare in West Africa,article,https://onixdatacentres.com/wp-content/uploads/2021/10/ONIX-logo-png-1024x670.png|https://onixdatacentres.com/wp-content/uploads/2024/10/WhatsApp-Image-2024-10-14-at-12.18.13.jpeg|https://onixdatacentres.com/wp-content/uploads/2024/10/data-hospital-4-edited-1.png,83
https://onixdatacentres.com/2024/10/29/empowering-digital-transformation-africa-data-centres/,/2024/10/29/empowering-digital-transformation-africa-data-centres/,200,Empowering Digital Transformation in Africa: The Strategic Importance of Data Centres – Onix Data Centre,,https://onixdatacentres.com/2024/10/29/empowering-digital-transformation-africa-data-centres/,Empowering Digital Transformation in Africa: The Strategic Importance of Data Centres,article,https://onixdatacentres.com/wp-content/uploads/2021/10/ONIX-logo-png-1024x670.png|https://onixdatacentres.com/wp-content/uploads/2024/10/African-elephant-digital-transformation.jpeg|https://onixdatacentres.com/wp-content/uploads/2024/10/yevu_Digital_written_across_the_african_continent_in_a_futurist_f9ec7c59-1090-45e4-8c35-12ee7ccf6e40-1-edited.png,83
https://onixdatacentres.com/2024/11/13/onix-data-centres-linx-ghana/,/2024/11/13/onix-data-centres-linx-ghana/,200,Onix Data Centres Partners with LINX to Enhance Digital Connectivity in Ghana – Onix Data Centre,,https://onixdatacentres.com/2024/11/13/onix-data-centres-linx-ghana/,Onix Data Centres Partners with LINX to Enhance Digital Connectivity in Ghana,article,https://onixdatacentres.com/wp-content/uploads/2021/10/ONIX-logo-png-1024x670.png|https://onixdatacentres.com/wp-content/uploads/2024/11/ONIX-Accra-1024x576.png|https://onixdatacentres.com/wp-content/uploads/2024/11/Onix-Linx-03-1024x1024.jpg,83
https://onixdatacentres.com/2024/11/19/why-onix-location-genius/,/2024/11/19/why-onix-location-genius/,200,Why Onix’s Outskirts Location is Genius? – Onix Data Centre,,https://onixdatacentres.com/2024/11/19/why-onix-location-genius/,Why Onix’s Outskirts Location is Genius?,article,https://onixdatacentres.com/wp-content/uploads/2021/10/ONIX-logo-png-1024x670.png|https://onixdatacentres.com/wp-content/uploads/2024/11/NOV-BLOG.png|https://onixdatacentres.com/wp-content/uploads/2024/11/DJI_0721-1024x576.jpg,83
https://onixdatacentres.com/2024/12/03/advantages-tier-iv-data-centre/,/2024/12/03/advantages-tier-iv-data-centre/,200,What Are the Advantages of a Tier IV Data Centre Compared to Other Tiers? – Onix Data Centre,,https://onixdatacentres.com/2024/12/03/advantages-tier-iv-data-centre/,What Are the Advantages of a Tier IV Data Centre Compared to Other Tiers?,article,https://onixdatacentres.com/wp-content/uploads/2021/10/ONIX-logo-png-1024x670.png|https://onixdatacentres.com/wp-content/uploads/2024/12/WhatsApp-Image-2024-12-02-at-16.12.11.jpeg|https://onixdatacentres.com/wp-content/uploads/2024/12/Onix-tiers-1024x338.png,83
https://onixdatacentres.com/2024/12/17/santas-secret-data-centres/,/2024/12/17/santas-secret-data-centres/,200,Santa’s Secret Helpers: How Data Centres Keep the Holidays Merry and Bright – Onix Data Centre,,https://onixdatacentres.com/2024/12/17/santas-secret-data-centres/,Santa’s Secret Helpers: How Data Centres Keep the Holidays Merry and Bright,article,https://onixdatacentres.com/wp-content/uploads/2021/10/ONIX-logo-png-1024x670.png|https://onixdatacentres.com/wp-content/uploads/2024/12/WhatsApp-Image-2024-12-17-at-10.21.21.jpeg|https://onixdatacentres.com/wp-content/uploads/2024/12/Data-centre-Christmas-shopping-1024x585.webp,83
https://onixdatacentres.com/2025/01/08/5-it-resolutions/,/2025/01/08/5-it-resolutions/,200,5 IT Resolutions You’ll Actually Keep This Year – Onix Data Centre,,https://onixdatacentres.com/2025/01/08/5-it-resolutions/,5 IT Resolutions You’ll Actually Keep This Year,article,https://onixdatacentres.com/wp-content/uploads/2021/10/ONIX-logo-png-1024x670.png|https://onixdatacentres.com/wp-content/uploads/2025/01/New-Years-Resolution-new.png|https://onixdatacentres.com/wp-content/uploads/2023/05/ONIX-DATA-CENTER-KEELSON-STUDIOS-58-1024x683.jpg,83
https://onixdatacentres.com/2025/01/23/revolutionising-innovation-africa-local-hosting/,/2025/01/23/revolutionising-innovation-africa-local-hosting/,200,Revolutionising Innovation in Africa: The Local Hosting Advantage – Onix Data Centre,,https://onixdatacentres.com/2025/01/23/revolutionising-innovation-africa-local-hosting/,Revolutionising Innovation in Africa: The Local Hosting Advantage,article,https://onixdatacentres.com/wp-content/uploads/2021/10/ONIX-logo-png-1024x670.png|https://onixdatacentres.com/wp-content/uploads/2025/01/Blog-image-jan.png|https://onixdatacentres.com/wp-content/uploads/2025/01/Local-data-centres-Africa-Ghana-1024x585.webp,83
https://onixdatacentres.com/2025/02/04/the-true-cost-of-downtime/,/2025/02/04/the-true-cost-of-downtime/,200,The True Cost of Downtime: Why African Businesses Can’t Afford Unreliable Hosting – Onix Data Centre,,https://onixdatacentres.com/2025/02/04/the-true-cost-of-downtime/,The True Cost of Downtime: Why African Businesses Can’t Afford Unreliable Hosting,article,https://onixdatacentres.com/wp-content/uploads/2021/10/ONIX-logo-png-1024x670.png|https://onixdatacentres.com/wp-content/uploads/2025/02/Blog-image-Feb-1024x436.png|https://onixdatacentres.com/wp-content/uploads/2025/02/image-1024x585.webp,83
https://onixdatacentres.com/2025/02/18/the-power-of-data-synchronisation-building-ghanas-digital-future/,/2025/02/18/the-power-of-data-synchronisation-building-ghanas-digital-future/,200,The Power of Data Synchronisation: Building Ghana’s Digital Future – Onix Data Centre,,https://onixdatacentres.com/2025/02/18/the-power-of-data-synchronisation-building-ghanas-digital-future/,The Power of Data Synchronisation: Building Ghana’s Digital Future,article,https://onixdatacentres.com/wp-content/uploads/2021/10/ONIX-logo-png-1024x670.png|https://onixdatacentres.com/wp-content/uploads/2025/02/18-feb-blog-a-1024x436.png|https://onixdatacentres.com/wp-content/uploads/2025/02/ghana-doctor-nurse-tablet-digital-1024x574.png,82
https://onixdatacentres.com/2025/03/11/africas-tech-industry-challenges/,/2025/03/11/africas-tech-industry-challenges/,200,Africa’s Tech Industry Is at a Crossroads: Can It Overcome Its Biggest Challenges? – Onix Data Centre,,https://onixdatacentres.com/2025/03/11/africas-tech-industry-challenges/,Africa’s Tech Industry Is at a Crossroads: Can It Overcome Its Biggest Challenges?,article,https://onixdatacentres.com/wp-content/uploads/2021/10/ONIX-logo-png-1024x670.png|https://onixdatacentres.com/wp-content/uploads/2025/03/4-Mar-Blog-1024x436.png|https://onixdatacentres.com/wp-content/uploads/2025/03/search-for-talent-1024x585.webp,83
https://onixdatacentres.com/2025/03/25/africa-digital-infrastructure/,/2025/03/25/africa-digital-infrastructure/,200,Africa’s AI & Enterprise Revolution Will Be Built on Infrastructure That Doesn’t Fail – Onix Data Centre,,https://onixdatacentres.com/2025/03/25/africa-digital-infrastructure/,Africa’s AI & Enterprise Revolution Will Be Built on Infrastructure That Doesn’t Fail,article,https://onixdatacentres.com/wp-content/uploads/2021/10/ONIX-logo-png-1024x670.png|https://onixdatacentres.com/wp-content/uploads/2025/03/Digital-Infrastructure-Africa-1024x436.jpg|https://onixdatacentres.com/wp-content/uploads/2025/03/collab-digi-infrastructure-1024x585.webp,82
https://onixdatacentres.com/2025/04/08/powering-smart-cities-africa-infrastructure/,/2025/04/08/powering-smart-cities-africa-infrastructure/,200,Powering Smart Cities from the Ground Up: The Role of Local Data Centres – Onix Data Centre,,https://onixdatacentres.com/2025/04/08/powering-smart-cities-africa-infrastructure/,Powering Smart Cities from the Ground Up: The Role of Local Data Centres,article,https://onixdatacentres.com/wp-content/uploads/2021/10/ONIX-logo-png-1024x670.png|https://onixdatacentres.com/wp-content/uploads/2025/04/IMG_6015-1024x436.jpg|https://onixdatacentres.com/wp-content/uploads/2025/04/A1793057-DC09-41BF-9F22-3D103BAA8C7C-2-1024x683.jpeg,83
https://onixdatacentres.com/2025/04/24/blueprint-digital-africa-gitex-africa/,/2025/04/24/blueprint-digital-africa-gitex-africa/,200,Not Just a Panel: A Blueprint for Digital Africa at GITEX AFRICA 2025 – Onix Data Centre,,https://onixdatacentres.com/2025/04/24/blueprint-digital-africa-gitex-africa/,Not Just a Panel: A Blueprint for Digital Africa at GITEX AFRICA 2025,article,https://onixdatacentres.com/wp-content/uploads/2021/10/ONIX-logo-png-1024x670.png|https://onixdatacentres.com/wp-content/uploads/2025/04/WhatsApp-Image-2025-04-16-at-15.40.19-1024x768.jpeg|https://onixdatacentres.com/wp-content/uploads/2025/04/WhatsApp-Image-2025-04-16-at-15.03.05.jpeg,82
https://onixdatacentres.com/2025/05/06/linx-accra-onix/,/2025/05/06/linx-accra-onix/,200,LINX Accra at Onix: Building Ghana’s Internet Exchange Point at a Tier IV Data Centre – Onix Data Centre,,https://onixdatacentres.com/2025/05/06/linx-accra-onix/,LINX Accra at Onix: Building Ghana’s Internet Exchange Point at a Tier IV Data Centre,article,https://onixdatacentres.com/wp-content/uploads/2021/10/ONIX-logo-png-1024x670.png|https://onixdatacentres.com/wp-content/uploads/2025/05/WhatsApp-Image-2025-04-30-at-07.36.55-2-1024x708.jpeg|https://onixdatacentres.com/wp-content/uploads/2025/05/WhatsApp-Image-2025-04-30-at-07.36.53-1024x810.jpeg,83
https://onixdatacentres.com/2025/05/28/carrier-neutral-data-centres/,/2025/05/28/carrier-neutral-data-centres/,200,Carrier-Neutral Data Centres: The Digital Freedom Africa Can’t Afford to Ignore – Onix Data Centre,,https://onixdatacentres.com/2025/05/28/carrier-neutral-data-centres/,Carrier-Neutral Data Centres: The Digital Freedom Africa Can’t Afford to Ignore,article,https://onixdatacentres.com/wp-content/uploads/2021/10/ONIX-logo-png-1024x670.png|https://onixdatacentres.com/wp-content/uploads/2025/05/WhatsApp-Image-2025-05-27-at-10.55.10-1024x436.jpeg|https://onixdatacentres.com/wp-content/uploads/2023/03/ONIX-DATA-CENTER-KEELSON-STUDIOS-2-1024x683.jpg,83
https://onixdatacentres.com/2025/06/10/data-centres-decarbonisation-africa/,/2025/06/10/data-centres-decarbonisation-africa/,200,Data Centres vs. Decarbonisation: Can Africa Have Both? – Onix Data Centre,,https://onixdatacentres.com/2025/06/10/data-centres-decarbonisation-africa/,Data Centres vs. Decarbonisation: Can Africa Have Both?,article,https://onixdatacentres.com/wp-content/uploads/2021/10/ONIX-logo-png-1024x670.png|https://onixdatacentres.com/wp-content/uploads/2025/06/WhatsApp-Image-2025-06-09-at-11.28.25-1024x436.jpeg|https://onixdatacentres.com/wp-content/uploads/2023/05/ONIX-DATA-CENTER-KEELSON-STUDIOS-58-1024x683.jpg,82
https://onixdatacentres.com/2025/07/02/reflections-pan-african-data-centre-conference/,/2025/07/02/reflections-pan-african-data-centre-conference/,200,Reflections from Sandton: Insights from the Pan African Data Centre Conference – Onix Data Centre,,https://onixdatacentres.com/2025/07/02/reflections-pan-african-data-centre-conference/,Reflections from Sandton: Insights from the Pan African Data Centre Conference,article,https://onixdatacentres.com/wp-content/uploads/2021/10/ONIX-logo-png-1024x670.png|https://onixdatacentres.com/wp-content/uploads/2025/07/WhatsApp-Image-2025-06-09-at-15.16.29-1024x665.jpeg|https://onixdatacentres.com/wp-content/uploads/2025/07/20250624_104336-1024x768.jpg,83
https://onixdatacentres.com/2025/07/07/linx-accra-launches-ghana/,/2025/07/07/linx-accra-launches-ghana/,200,LINX Accra Launches: A New Era for Local Interconnection in Ghana – Onix Data Centre,,https://onixdatacentres.com/2025/07/07/linx-accra-launches-ghana/,LINX Accra Launches: A New Era for Local Interconnection in Ghana,article,https://onixdatacentres.com/wp-content/uploads/2021/10/ONIX-logo-png-1024x670.png|https://onixdatacentres.com/wp-content/uploads/2025/07/PXGH-04-JUL-25-DSC09529-1024x683.jpg|https://onixdatacentres.com/wp-content/uploads/2025/07/PXGH-04-JUL-25-DSC09413-1-1024x683.jpg,83
https://onixdatacentres.com/2025/07/22/gctu-students-explore-onix-data-centre/,/2025/07/22/gctu-students-explore-onix-data-centre/,200,Inside the Engine Room: GCTU Students Explore Onix Data Centre – Onix Data Centre,,https://onixdatacentres.com/2025/07/22/gctu-students-explore-onix-data-centre/,Inside the Engine Room: GCTU Students Explore Onix Data Centre,article,https://onixdatacentres.com/wp-content/uploads/2021/10/ONIX-logo-png-1024x670.png|https://onixdatacentres.com/wp-content/uploads/2025/07/Onix-students-3-1024x768.jpeg|https://onixdatacentres.com/wp-content/uploads/2025/07/Onix-students-3-1024x768.jpeg,83
https://onixdatacentres.com/2025/08/05/ghana-data-centre-powerhouse/,/2025/08/05/ghana-data-centre-powerhouse/,200,Why Ghana Is Emerging as Africa’s Next Data Centre Powerhouse – Onix Data Centre,,https://onixdatacentres.com/2025/08/05/ghana-data-centre-powerhouse/,Why Ghana Is Emerging as Africa’s Next Data Centre Powerhouse,article,https://onixdatacentres.com/wp-content/uploads/2021/10/ONIX-logo-png-1024x670.png|https://onixdatacentres.com/wp-content/uploads/2025/08/5-Aug-Blog-1024x436.png|https://onixdatacentres.com/wp-content/uploads/2025/08/DCbyte-infographic-1024x647.png,83
https://onixdatacentres.com/2025/08/28/hidden-latency-ghana/,/2025/08/28/hidden-latency-ghana/,200,The Hidden Cost of Latency: Why Every Millisecond Matters in Ghana’s Digital Economy – Onix Data Centre,,https://onixdatacentres.com/2025/08/28/hidden-latency-ghana/,The Hidden Cost of Latency: Why Every Millisecond Matters in Ghana’s Digital Economy,article,https://onixdatacentres.com/wp-content/uploads/2021/10/ONIX-logo-png-1024x670.png|https://onixdatacentres.com/wp-content/uploads/2025/08/26-Aug-Blog-2.jpg|https://onixdatacentres.com/wp-content/uploads/2025/08/WhatsApp-Image-2025-08-26-at-11.04.54-1024x436.jpeg,82
https://onixdatacentres.com/2025/09/09/digital-africa-summit-ghana-2025/,/2025/09/09/digital-africa-summit-ghana-2025/,200,Digital Africa Summit Ghana 2025: Charting the Future of AI and Infrastructure – Onix Data Centre,,https://onixdatacentres.com/2025/09/09/digital-africa-summit-ghana-2025/,Digital Africa Summit Ghana 2025: Charting the Future of AI and Infrastructure,article,https://onixdatacentres.com/wp-content/uploads/2021/10/ONIX-logo-png-1024x670.png|https://onixdatacentres.com/wp-content/uploads/2025/09/20250903_140309-1024x768.jpg|https://onixdatacentres.com/wp-content/uploads/2025/09/20250903_141431-1.jpg,82
https://onixdatacentres.com/2025/09/30/local-infrastructure-future-gaming/,/2025/09/30/local-infrastructure-future-gaming/,200,"Game On, Ghana: Why Local Infrastructure Is the Future of E-Gaming – Onix Data Centre",,https://onixdatacentres.com/2025/09/30/local-infrastructure-future-gaming/,"Game On, Ghana: Why Local Infrastructure Is the Future of E-Gaming",article,https://onixdatacentres.com/wp-content/uploads/2021/10/ONIX-logo-png-1024x670.png|https://onixdatacentres.com/wp-content/uploads/2025/09/WhatsApp-Image-2025-09-29-at-22.01.07-1024x436.jpeg|https://onixdatacentres.com/wp-content/uploads/2025/09/WhatsApp-Image-2025-09-29-at-22.00.37-1024x535.jpeg,82
https://onixdatacentres.com/2025/10/13/ghana-afts-accra-2025/,/2025/10/13/ghana-afts-accra-2025/,200,Ghana Asserts Digital Leadership at AFTS Accra 2025 – Onix Data Centre,,https://onixdatacentres.com/2025/10/13/ghana-afts-accra-2025/,Ghana Asserts Digital Leadership at AFTS Accra 2025,article,https://onixdatacentres.com/wp-content/uploads/2021/10/ONIX-logo-png-1024x670.png|https://onixdatacentres.com/wp-content/uploads/2025/10/fintech-6.jpeg|https://onixdatacentres.com/wp-content/uploads/2025/10/20251008_105830-1024x768.jpg,82
https://onixdatacentres.com/2025/10/14/linx-accra-live-at-onix/,/2025/10/14/linx-accra-live-at-onix/,200,LINX Accra is Now Live at Onix – Onix Data Centre,,https://onixdatacentres.com/2025/10/14/linx-accra-live-at-onix/,LINX Accra is Now Live at Onix,article,https://onixdatacentres.com/wp-content/uploads/2021/10/ONIX-logo-png-1024x670.png|https://onixdatacentres.com/wp-content/uploads/2024/11/ONIX-Accra-1024x576.png|https://onixdatacentres.com/wp-content/uploads/2025/07/20250703_110808-768x1024.jpg,82
https://onixdatacentres.com/2025/10/28/africa-digital-cloud-resilience/,/2025/10/28/africa-digital-cloud-resilience/,200,When the cloud sneezes: why Africa needs its own digital resilience – Onix Data Centre,,https://onixdatacentres.com/2025/10/28/africa-digital-cloud-resilience/,When the cloud sneezes: why Africa needs its own digital resilience,article,https://onixdatacentres.com/wp-content/uploads/2021/10/ONIX-logo-png-1024x670.png|https://onixdatacentres.com/wp-content/uploads/2025/10/WhatsApp-Image-2025-10-28-at-10.09.32-1024x436.jpeg|https://onixdatacentres.com/wp-content/uploads/2025/10/aws-blog-7-1024x559.png,83
https://onixdatacentres.com/2025/11/13/what-is-peering/,/2025/11/13/what-is-peering/,200,What is Peering? – Onix Data Centre,,https://onixdatacentres.com/2025/11/13/what-is-peering/,What is Peering?,article,https://onixdatacentres.com/wp-content/uploads/2021/10/ONIX-logo-png-1024x670.png|https://onixdatacentres.com/wp-content/uploads/2025/11/WhatsApp-Image-2025-11-10-at-15.44.22-1024x536.jpeg|https://onixdatacentres.com/wp-content/uploads/2025/11/WhatsApp-Image-2025-11-10-at-12.18.35-1024x388.jpeg,82
https://onixdatacentres.com/2025/12/08/returnee-onix-data-centre-business/,/2025/12/08/returnee-onix-data-centre-business/,200,Returnee founders came home to celebrate their success. Why are their servers still overseas? – Onix Data Centre,,https://onixdatacentres.com/2025/12/08/returnee-onix-data-centre-business/,Returnee founders came home to celebrate their success. Why are their servers still overseas?,article,https://onixdatacentres.com/wp-content/uploads/2021/10/ONIX-logo-png-1024x670.png|https://onixdatacentres.com/wp-content/uploads/2025/12/WhatsApp-Image-2025-12-08-at-10.00.35-1024x436.jpeg|https://onixdatacentres.com/wp-content/uploads/2023/03/ONIX-DATA-CENTER-KEELSON-STUDIOS-2-1024x683.jpg,82
https://onixdatacentres.com/2026/01/07/2026-the-year-reliability-becomes-strategy/,/2026/01/07/2026-the-year-reliability-becomes-strategy/,200,2026: The Year Reliability Becomes Strategy – Onix Data Centre,,https://onixdatacentres.com/2026/01/07/2026-the-year-reliability-becomes-strategy/,2026: The Year Reliability Becomes Strategy,article,https://onixdatacentres.com/wp-content/uploads/2021/10/ONIX-logo-png-1024x670.png|https://onixdatacentres.com/wp-content/uploads/2026/01/WhatsApp-Image-2026-01-07-at-10.48.54-1024x436.jpeg|https://onixdatacentres.com/wp-content/uploads/2026/01/Gemini_Generated_Image_x5mpxox5mpxox5mp-1024x683.jpeg,79
https://onixdatacentres.com/2026/01/20/sla-vs-reality-data-centres-uptime/,/2026/01/20/sla-vs-reality-data-centres-uptime/,200,SLA vs Reality: How Data Centres Actually Deliver Uptime – Onix Data Centre,,https://onixdatacentres.com/2026/01/20/sla-vs-reality-data-centres-uptime/,SLA vs Reality: How Data Centres Actually Deliver Uptime,article,https://onixdatacentres.com/wp-content/uploads/2021/10/ONIX-logo-png-1024x670.png|https://onixdatacentres.com/wp-content/uploads/2026/01/WhatsApp-Image-2026-01-20-at-10.23.05-1024x436.jpeg|https://onixdatacentres.com/wp-content/uploads/2026/01/SLA-article-1024x683.png,79
https://onixdatacentres.com/2026/02/05/composable-dynamic-infrastructure/,/2026/02/05/composable-dynamic-infrastructure/,200,"When Demand Spikes, Your Infrastructure Shouldn’t Panic – Onix Data Centre",,https://onixdatacentres.com/2026/02/05/composable-dynamic-infrastructure/,"When Demand Spikes, Your Infrastructure Shouldn’t Panic",article,https://onixdatacentres.com/wp-content/uploads/2021/10/ONIX-logo-png-1024x670.png|https://onixdatacentres.com/wp-content/uploads/2026/02/Lego-Blog-image-2-1024x436.png|https://onixdatacentres.com/wp-content/uploads/2026/02/Gemini_Generated_Image_5tt2ei5tt2ei5tt2-1-edited-1.png,82
https://onixdatacentres.com/2026/03/09/ghana-independence-69-digital-nation/,/2026/03/09/ghana-independence-69-digital-nation/,200,Ghana’s Independence: A Digital Nation in the Making – Onix Data Centre,,https://onixdatacentres.com/2026/03/09/ghana-independence-69-digital-nation/,Ghana’s Independence: A Digital Nation in the Making,article,https://onixdatacentres.com/wp-content/uploads/2021/10/ONIX-logo-png-1024x670.png|https://onixdatacentres.com/wp-content/uploads/2026/03/Ghana@69-b-1024x436.jpg|https://onixdatacentres.com/wp-content/uploads/2026/03/Gemini_Generated_Image_t6bhy8t6bhy8t6bh-1024x559.png,82
https://onixdatacentres.com/2026/03/31/africas-ai-future-infrastructure/,/2026/03/31/africas-ai-future-infrastructure/,200,Africa’s AI Future Will Depend on Where the Infrastructure Lives – Onix Data Centre,,https://onixdatacentres.com/2026/03/31/africas-ai-future-infrastructure/,Africa’s AI Future Will Depend on Where the Infrastructure Lives,article,https://onixdatacentres.com/wp-content/uploads/2021/10/ONIX-logo-png-1024x670.png|https://onixdatacentres.com/wp-content/uploads/2026/03/Mar-Blog-Image-1-1024x521.jpg|https://onixdatacentres.com/wp-content/uploads/2026/03/Gemini_Generated_Image_1nd7xd1nd7xd1nd7-1024x559.png,82
https://onixdatacentres.com/2026/04/14/war-conflict-revealing-about-cloud/,/2026/04/14/war-conflict-revealing-about-cloud/,200,What War Is Revealing About the Cloud – Onix Data Centre,,https://onixdatacentres.com/2026/04/14/war-conflict-revealing-about-cloud/,What War Is Revealing About the Cloud,article,https://onixdatacentres.com/wp-content/uploads/2021/10/ONIX-logo-png-1024x670.png|https://onixdatacentres.com/wp-content/uploads/2026/04/Africas-Digital-Infrastructure-and-Global-Conflict-Risk-1024x436.jpg|https://onixdatacentres.com/wp-content/uploads/2026/04/infrastructure-behind-the-cloud-1024x559.png,82
https://onixdatacentres.com/2026/04/28/infrastructure-decisions-are-becoming-timing-decisions/,/2026/04/28/infrastructure-decisions-are-becoming-timing-decisions/,200,Infrastructure Decisions Are Becoming Timing Decisions – Onix Data Centre,,https://onixdatacentres.com/2026/04/28/infrastructure-decisions-are-becoming-timing-decisions/,Infrastructure Decisions Are Becoming Timing Decisions,article,https://onixdatacentres.com/wp-content/uploads/2021/10/ONIX-logo-png-1024x670.png|https://onixdatacentres.com/wp-content/uploads/2026/04/Blog-Image-April-1024x436.jpg|https://onixdatacentres.com/wp-content/uploads/2026/04/Racks-Onix-1024x683.png,82
https://onixdatacentres.com/2026/05/19/your-server-room-is-not-a-data-centre/,/2026/05/19/your-server-room-is-not-a-data-centre/,200,Your Server Room Is Not a Data Centre – Onix Data Centre,,https://onixdatacentres.com/2026/05/19/your-server-room-is-not-a-data-centre/,Your Server Room Is Not a Data Centre,article,https://onixdatacentres.com/wp-content/uploads/2021/10/ONIX-logo-png-1024x670.png|https://onixdatacentres.com/wp-content/uploads/2026/05/server-room-vs-data-centre-colocation-ghana-onix-1024x436.jpeg|https://onixdatacentres.com/wp-content/uploads/2026/05/hidden-office-server-room-risk-1024x683.png,81
https://onixdatacentres.com/2026/06/02/health-data-sovereignty-ghana-digital-health-infrastructure/,/2026/06/02/health-data-sovereignty-ghana-digital-health-infrastructure/,200,Where Should Ghana’s Health Data Live? – Onix Data Centre,,https://onixdatacentres.com/2026/06/02/health-data-sovereignty-ghana-digital-health-infrastructure/,Where Should Ghana’s Health Data Live?,article,https://onixdatacentres.com/wp-content/uploads/2021/10/ONIX-logo-png-1024x670.png|https://onixdatacentres.com/wp-content/uploads/2026/06/Onix-Health-Care-1024x683.png|https://onixdatacentres.com/wp-content/uploads/2026/06/health-data-security-1024x683.png,81
https://onixdatacentres.com/about-us/,/about-us/,200,About Us – Onix Data Centre,,https://onixdatacentres.com/about-us/,,page,https://onixdatacentres.com/wp-content/uploads/2021/10/ONIX-logo-png-1024x670.png|https://onixdatacentres.com/wp-content/uploads/elementor/thumbs/ONIX-DATA-CENTER-KEELSON-STUDIOS-61-scaled-q3d440c8ucjkmyw222clbb8gzjavgoq0py3j9514xc.jpg|https://onixdatacentres.com/wp-content/uploads/2021/11/Screenshot-2021-11-15-at-13.55.02.png,72
https://onixdatacentres.com/author/onixdc/,/author/onixdc/,200,onixdc – Onix Data Centre,,,onixdc,author,https://onixdatacentres.com/wp-content/uploads/2021/10/ONIX-logo-png-1024x670.png|https://onixdatacentres.com/wp-content/uploads/2026/07/light-out-hero-wordpress-1024x683.jpg|https://onixdatacentres.com/wp-content/uploads/2026/06/Nigeria-digital-sovreignty-1024x576.png,81
https://onixdatacentres.com/author/samuel/,/author/samuel/,200,Samuel – Onix Data Centre,,,Samuel,author,https://onixdatacentres.com/wp-content/uploads/2021/10/ONIX-logo-png-1024x670.png|https://onixdatacentres.com/wp-content/uploads/2025/06/WhatsApp-Image-2025-06-09-at-11.28.25-1024x436.jpeg|https://onixdatacentres.com/wp-content/uploads/2025/05/WhatsApp-Image-2025-05-27-at-10.55.10-1024x436.jpeg,81
https://onixdatacentres.com/author/yinka/,/author/yinka/,200,Yinka Oyelade – Onix Data Centre,,,Yinka Oyelade,author,https://onixdatacentres.com/wp-content/uploads/2021/10/ONIX-logo-png-1024x670.png|https://onixdatacentres.com/wp-content/uploads/2023/06/Onix-Backup-Power-solutions-1024x536.jpg|https://onixdatacentres.com/wp-content/uploads/2023/05/ONIX-fire-suppression-system-copy-1-1024x536.jpg,85
https://onixdatacentres.com/blog/,/blog/,200,Blog – Onix Data Centre,,https://onixdatacentres.com/blog/,,page,https://onixdatacentres.com/wp-content/uploads/2021/10/ONIX-logo-png-1024x670.png|https://onixdatacentres.com/wp-content/uploads/2021/10/ONIX-logo-png-1024x670.png|https://onixdatacentres.com/wp-content/uploads/2026/07/light-out-hero-wordpress-150x150.jpg?crop=1,86
https://onixdatacentres.com/category/africa/,/category/africa/,200,Africa – Onix Data Centre,,,Africa,taxonomy,https://onixdatacentres.com/wp-content/uploads/2021/10/ONIX-logo-png-1024x670.png|https://onixdatacentres.com/wp-content/uploads/2023/02/WhatsApp-Image-2023-02-16-at-23.36.54-1024x637.jpeg|https://onixdatacentres.com/wp-content/uploads/2022/12/onix-iso-certification-image-e1671529932223.jpeg,85
https://onixdatacentres.com/category/blog/,/category/blog/,200,Blog – Onix Data Centre,,,Blog,taxonomy,https://onixdatacentres.com/wp-content/uploads/2021/10/ONIX-logo-png-1024x670.png|https://onixdatacentres.com/wp-content/uploads/2023/05/ONIX-fire-suppression-system-copy-1-1024x536.jpg|https://onixdatacentres.com/wp-content/uploads/2023/03/ONIX-DATA-CENTER-KEELSON-STUDIOS-2-1024x683.jpg,74
https://onixdatacentres.com/category/data/,/category/data/,200,Data – Onix Data Centre,,,Data,taxonomy,https://onixdatacentres.com/wp-content/uploads/2021/10/ONIX-logo-png-1024x670.png|https://onixdatacentres.com/wp-content/uploads/2021/09/pexels-red-zeppelin-4148472-scaled-1-1024x768.jpg|https://onixdatacentres.com/wp-content/uploads/2021/06/unnamed-1.jpeg,78
https://onixdatacentres.com/category/news/,/category/news/,200,News – Onix Data Centre,,,News,taxonomy,https://onixdatacentres.com/wp-content/uploads/2021/10/ONIX-logo-png-1024x670.png|https://onixdatacentres.com/wp-content/uploads/2023/02/A7R9115-1024x683.jpg|https://onixdatacentres.com/wp-content/uploads/2022/12/onix-iso-certification-image-e1671529932223.jpeg,77
https://onixdatacentres.com/category/technology/,/category/technology/,200,Technology – Onix Data Centre,,,Technology,taxonomy,https://onixdatacentres.com/wp-content/uploads/2021/10/ONIX-logo-png-1024x670.png|https://onixdatacentres.com/wp-content/uploads/2023/02/WhatsApp-Image-2023-02-16-at-23.36.54-1024x637.jpeg|https://onixdatacentres.com/wp-content/uploads/2022/11/Onix-Team-on-Banner-1024x768.jpeg,76
https://onixdatacentres.com/category/uncategorized/,/category/uncategorized/,200,Uncategorized – Onix Data Centre,,,Uncategorized,taxonomy,https://onixdatacentres.com/wp-content/uploads/2021/10/ONIX-logo-png-1024x670.png|https://onixdatacentres.com/wp-content/uploads/2026/07/light-out-hero-wordpress-1024x683.jpg|https://onixdatacentres.com/wp-content/uploads/2026/06/Nigeria-digital-sovreignty-1024x576.png,81
https://onixdatacentres.com/contact-us/,/contact-us/,200,Contact Us – Onix Data Centre,,https://onixdatacentres.com/contact-us/,Send us a message,page,https://onixdatacentres.com/wp-content/uploads/2021/10/ONIX-logo-png-1024x670.png|https://onixdatacentres.com/wp-content/uploads/2022/11/Onix_white_logo.png,70
https://onixdatacentres.com/elementor-9089/,/elementor-9089/,200,Cookie Policy – Onix Data Centre,,https://onixdatacentres.com/elementor-9089/,,page,https://onixdatacentres.com/wp-content/uploads/2021/10/ONIX-logo-png-1024x670.png|https://onixdatacentres.com/wp-content/uploads/2025/07/Data-ico.png|https://onixdatacentres.com/wp-content/uploads/2022/11/Onix_white_logo.png,70
https://onixdatacentres.com/fr/author/onixdc/,/fr/author/onixdc/,200,onixdc – Onix Data Centre,,,onixdc,page-fr,https://onixdatacentres.com/wp-content/uploads/2021/10/ONIX-logo-png-1024x670.png|https://onixdatacentres.com/wp-content/uploads/2022/11/Onix_white_logo.png,67
https://onixdatacentres.com/fr/author/samuel/,/fr/author/samuel/,200,Samuel – Onix Data Centre,,,Samuel,page-fr,https://onixdatacentres.com/wp-content/uploads/2021/10/ONIX-logo-png-1024x670.png|https://onixdatacentres.com/wp-content/uploads/2022/11/Onix_white_logo.png,67
https://onixdatacentres.com/fr/author/yinka/,/fr/author/yinka/,200,Yinka Oyelade – Onix Data Centre,,,Yinka Oyelade,page-fr,https://onixdatacentres.com/wp-content/uploads/2021/10/ONIX-logo-png-1024x670.png|https://onixdatacentres.com/wp-content/uploads/2022/11/Onix_white_logo.png,67
https://onixdatacentres.com/fr/home-francais/,/fr/home-francais/,200,Home – Français – Onix Data Centre,,https://onixdatacentres.com/fr/home-francais/,Home – Français,page-fr,https://onixdatacentres.com/wp-content/uploads/2021/10/ONIX-logo-png-1024x670.png|https://onixdatacentres.com/wp-content/uploads/2022/11/Onix_white_logo.png,70
https://onixdatacentres.com/home-english/,/home-english/,200,Home – English – Onix Data Centre,,https://onixdatacentres.com/home-english/,Home – English,page,https://onixdatacentres.com/wp-content/uploads/2021/10/ONIX-logo-png-1024x670.png|https://onixdatacentres.com/wp-content/uploads/2022/11/Onix_white_logo.png,70
https://onixdatacentres.com/home/cfo-roi/,/home/cfo-roi/,200,CFO ROI – Onix Data Centre,,https://onixdatacentres.com/home/cfo-roi/,,page,https://onixdatacentres.com/wp-content/uploads/2021/10/ONIX-logo-png-1024x670.png|https://onixdatacentres.com/wp-content/uploads/2026/03/Badge-rows-1024x205.png|https://onixdatacentres.com/wp-content/uploads/2022/11/Onix_white_logo.png,71
https://onixdatacentres.com/home/cfo/,/home/cfo/,200,CFO – Onix Data Centre,,https://onixdatacentres.com/home/cfo/,,page,https://onixdatacentres.com/wp-content/uploads/2021/10/ONIX-logo-png-1024x670.png|https://onixdatacentres.com/wp-content/uploads/2021/10/ONIX-logo-png-1024x670.png|https://onixdatacentres.com/wp-content/uploads/2022/11/Onix_white_logo.png,77
https://onixdatacentres.com/home/contact-us/,/home/contact-us/,200,Contact Us – Onix Data Centre,,https://onixdatacentres.com/home/contact-us/,Send Us a message,page,https://onixdatacentres.com/wp-content/uploads/2021/10/ONIX-logo-png-1024x670.png|https://onixdatacentres.com/wp-content/uploads/2022/11/Onix_white_logo.png,76
https://onixdatacentres.com/home/eric-tenkorang/,/home/eric-tenkorang/,200,Eric Tenkorang – Onix Data Centre,,https://onixdatacentres.com/home/eric-tenkorang/,,page,https://onixdatacentres.com/wp-content/uploads/2021/10/ONIX-logo-png-1024x670.png|https://onixdatacentres.com/wp-content/uploads/elementor/thumbs/Brett-Tucker-qf5i97w0ovta4s7pdd845edjdb4t4lr52sjs00r3dc.jpeg|https://onixdatacentres.com/wp-content/uploads/2022/11/Onix_white_logo.png,71
https://onixdatacentres.com/home/feedback/,/home/feedback/,200,Feedback – Onix Data Centre,,https://onixdatacentres.com/home/feedback/,,page,https://onixdatacentres.com/wp-content/uploads/2021/10/ONIX-logo-png-1024x670.png|https://onixdatacentres.com/wp-content/uploads/2022/11/Onix_white_logo.png,71
https://onixdatacentres.com/home/finance/,/home/finance/,200,Finance – Onix Data Centre,,https://onixdatacentres.com/home/finance/,,page,https://onixdatacentres.com/wp-content/uploads/2021/10/ONIX-logo-png-1024x670.png|https://onixdatacentres.com/wp-content/uploads/2021/10/ONIX-logo-png-1024x670.png|https://onixdatacentres.com/wp-content/uploads/2023/11/Frame-1-1024x974.png,70
https://onixdatacentres.com/home/infrastructure/,/home/infrastructure/,200,Infrastructure – Onix Data Centre,,https://onixdatacentres.com/home/infrastructure/,,page,https://onixdatacentres.com/wp-content/uploads/2021/10/ONIX-logo-png-1024x670.png|https://onixdatacentres.com/wp-content/uploads/2021/10/ONIX-logo-png-1024x670.png|https://onixdatacentres.com/wp-content/uploads/2023/01/ONIX-DATA-CENTER-KEELSON-STUDIOS-3-scaled.jpg,76
https://onixdatacentres.com/home/o-services/,/home/o-services/,200,Services – Onix Data Centre,,https://onixdatacentres.com/home/o-services/,,page,https://onixdatacentres.com/wp-content/uploads/2021/10/ONIX-logo-png-1024x670.png|https://onixdatacentres.com/wp-content/uploads/2022/11/Onix_white_logo.png,72
https://onixdatacentres.com/home/onix-team-contact/,/home/onix-team-contact/,200,Onix team contact – Onix Data Centre,,https://onixdatacentres.com/home/onix-team-contact/,,page,https://onixdatacentres.com/wp-content/uploads/2021/10/ONIX-logo-png-1024x670.png|https://onixdatacentres.com/wp-content/uploads/2022/11/Onix_white_logo.png,69
https://onixdatacentres.com/home/our-solutions/,/home/our-solutions/,200,Our Solutions – Onix Data Centre,,https://onixdatacentres.com/home/our-solutions/,,page,https://onixdatacentres.com/wp-content/uploads/2021/10/ONIX-logo-png-1024x670.png|https://onixdatacentres.com/wp-content/uploads/2021/10/ONIX-logo-png-1024x670.png|https://onixdatacentres.com/wp-content/uploads/2022/11/Onix_white_logo.png,74
https://onixdatacentres.com/home/staging123/,/home/staging123/,200,Staging page – Onix Data Centre,,https://onixdatacentres.com/home/staging123/,,page,https://onixdatacentres.com/wp-content/uploads/2021/10/ONIX-logo-png-1024x670.png|https://onixdatacentres.com/wp-content/uploads/2022/11/Onix_white_logo.png,76
https://onixdatacentres.com/home/sustainability/,/home/sustainability/,200,Sustainability – Onix Data Centre,,https://onixdatacentres.com/home/sustainability/,,page,https://onixdatacentres.com/wp-content/uploads/2021/10/ONIX-logo-png-1024x670.png|https://onixdatacentres.com/wp-content/uploads/2023/08/CO2-reduction-1024x937.png|https://onixdatacentres.com/wp-content/uploads/2023/08/solar-power-1024x907.png,71
https://onixdatacentres.com/home/virtual-machine/,/home/virtual-machine/,200,Virtual Machines – Onix Data Centre,,https://onixdatacentres.com/home/virtual-machine/,,page,https://onixdatacentres.com/wp-content/uploads/2021/10/ONIX-logo-png-1024x670.png|https://onixdatacentres.com/wp-content/uploads/2023/11/Frame-1-1024x974.png|https://onixdatacentres.com/wp-content/uploads/2024/06/VPN_ILLUSTRATION.png,72
https://onixdatacentres.com/linxaccra/,/linxaccra/,200,Linx Accra – Onix Data Centre,,https://onixdatacentres.com/linxaccra/,,page,https://onixdatacentres.com/wp-content/uploads/2021/10/ONIX-logo-png-1024x670.png|https://onixdatacentres.com/wp-content/uploads/2021/10/ONIX-logo-png-1024x670.png|https://onixdatacentres.com/wp-content/uploads/2021/11/Linx-at-onix-1024x129.png,72
https://onixdatacentres.com/news/,/news/,200,News – Onix Data Centre,,https://onixdatacentres.com/news/,,page,https://onixdatacentres.com/wp-content/uploads/2021/10/ONIX-logo-png-1024x670.png|https://onixdatacentres.com/wp-content/uploads/2023/02/A7R9115-300x200.jpg|https://onixdatacentres.com/wp-content/uploads/2022/12/onix-iso-certification-image-e1671529932223-300x281.jpeg,73
https://onixdatacentres.com/o-home/,/o-home/,200,Home – Onix Data Centre,,https://onixdatacentres.com/o-home/,Welcome to ONIX Data Centres,page,https://onixdatacentres.com/wp-content/uploads/2022/12/ONIX-logo-png.png|https://onixdatacentres.com/wp-content/uploads/2022/12/ONIX-logo-png.png|https://onixdatacentres.com/wp-content/uploads/2022/12/Ghana-flag-1024x683.png,71
https://onixdatacentres.com/o-home/bretttucker/,/o-home/bretttucker/,200,Brett Tucker – Onix Data Centre,,https://onixdatacentres.com/o-home/bretttucker/,,page,https://onixdatacentres.com/wp-content/uploads/2021/10/ONIX-logo-png-1024x670.png|https://onixdatacentres.com/wp-content/uploads/elementor/thumbs/Brett-Tucker-qf5i97w0ovta4s7pdd845edjdb4t4lr52sjs00r3dc.jpeg|https://onixdatacentres.com/wp-content/uploads/2022/11/Onix_white_logo.png,71
https://onixdatacentres.com/o-home/certification/,/o-home/certification/,200,Certification – Onix Data Centre,,https://onixdatacentres.com/o-home/certification/,,page,https://onixdatacentres.com/wp-content/uploads/2021/10/ONIX-logo-png-1024x670.png|https://onixdatacentres.com/wp-content/uploads/elementor/thumbs/ISO-9001-q3cytrruxirspnf42eej2tmfpjw7ej7e4kiaiqvzyo.png|https://onixdatacentres.com/wp-content/uploads/elementor/thumbs/ISO-IEC-27001-q3cytwh1voy8bp8aayfnxafqoh91h0q1t7rpx4p13k.png,72
https://onixdatacentres.com/o-home/edemscott/,/o-home/edemscott/,200,Edem Scott – Onix Data Centre,,https://onixdatacentres.com/o-home/edemscott/,,page,https://onixdatacentres.com/wp-content/uploads/2021/10/ONIX-logo-png-1024x670.png|https://onixdatacentres.com/wp-content/uploads/2023/05/Edem-Scott.jpg|https://onixdatacentres.com/wp-content/uploads/2022/11/Onix_white_logo.png,71
https://onixdatacentres.com/o-home/home-v2/,/o-home/home-v2/,200,Home V2 – Onix Data Centre,,https://onixdatacentres.com/o-home/home-v2/,,page,https://onixdatacentres.com/wp-content/uploads/2021/10/ONIX-logo-png-1024x670.png|https://onixdatacentres.com/wp-content/uploads/2024/04/Images-collage-3.png|https://onixdatacentres.com/wp-content/uploads/2022/11/Onix_white_logo.png,80
https://onixdatacentres.com/o-home/kevinopata/,/o-home/kevinopata/,200,Kevin Opata – Onix Data Centre,,https://onixdatacentres.com/o-home/kevinopata/,,page,https://onixdatacentres.com/wp-content/uploads/2021/10/ONIX-logo-png-1024x670.png|https://onixdatacentres.com/wp-content/uploads/2023/05/Kevin-Opata.jpg|https://onixdatacentres.com/wp-content/uploads/2022/11/Onix_white_logo.png,71
https://onixdatacentres.com/o-home/leonardmckinlay/,/o-home/leonardmckinlay/,200,Leornard McKinlay – Onix Data Centre,,https://onixdatacentres.com/o-home/leonardmckinlay/,,page,https://onixdatacentres.com/wp-content/uploads/2021/10/ONIX-logo-png-1024x670.png|https://onixdatacentres.com/wp-content/uploads/2023/08/LeornardMcKinlay.jpg|https://onixdatacentres.com/wp-content/uploads/2022/11/Onix_white_logo.png,71
https://onixdatacentres.com/o-home/mamadoukebe/,/o-home/mamadoukebe/,200,Mamadou KEBE – Onix Data Centre,,https://onixdatacentres.com/o-home/mamadoukebe/,,page,https://onixdatacentres.com/wp-content/uploads/2021/10/ONIX-logo-png-1024x670.png|https://onixdatacentres.com/wp-content/uploads/2023/10/Mamadou-KEBE-768x768.jpeg|https://onixdatacentres.com/wp-content/uploads/2022/11/Onix_white_logo.png,71
https://onixdatacentres.com/o-home/michaelnahon/,/o-home/michaelnahon/,error,,,,,unknown,,0
https://onixdatacentres.com/o-home/michaelthompson/,/o-home/michaelthompson/,200,Michael Thompson – Onix Data Centre,,https://onixdatacentres.com/o-home/michaelthompson/,,page,https://onixdatacentres.com/wp-content/uploads/2021/10/ONIX-logo-png-1024x670.png|https://onixdatacentres.com/wp-content/uploads/2023/05/Michael-Thompson.jpg|https://onixdatacentres.com/wp-content/uploads/2022/11/Onix_white_logo.png,71
https://onixdatacentres.com/o-home/partners/,/o-home/partners/,200,Partners – Onix Data Centre,,https://onixdatacentres.com/o-home/partners/,,page,https://onixdatacentres.com/wp-content/uploads/2021/10/ONIX-logo-png-1024x670.png|https://onixdatacentres.com/wp-content/uploads/2022/11/Onix_white_logo.png,69
https://onixdatacentres.com/o-home/paulrichards/,/o-home/paulrichards/,200,Paul Richards – Onix Data Centre,,https://onixdatacentres.com/o-home/paulrichards/,,page,https://onixdatacentres.com/wp-content/uploads/2021/10/ONIX-logo-png-1024x670.png|https://onixdatacentres.com/wp-content/uploads/2023/11/1615925299725-768x768.jpeg|https://onixdatacentres.com/wp-content/uploads/2022/11/Onix_white_logo.png,71
https://onixdatacentres.com/o-home/privacy-policy/,/o-home/privacy-policy/,200,Privacy Policy – Onix Data Centre,,https://onixdatacentres.com/o-home/privacy-policy/,,page,https://onixdatacentres.com/wp-content/uploads/2021/10/ONIX-logo-png-1024x670.png|https://onixdatacentres.com/wp-content/uploads/2025/07/Data-ico.png|https://onixdatacentres.com/wp-content/uploads/2023/05/shield-810x1024.png,71
https://onixdatacentres.com/o-home/razak-awudulai/,/o-home/razak-awudulai/,200,Razak – Onix Data Centre,,https://onixdatacentres.com/o-home/razak-awudulai/,,page,https://onixdatacentres.com/wp-content/uploads/2021/10/ONIX-logo-png-1024x670.png|https://onixdatacentres.com/wp-content/uploads/elementor/thumbs/Razak-Awudulai-image-1-qr3xlv219cncl36bj3h3zrw4xj1c6hoiy12xu2qc40.jpg|https://onixdatacentres.com/wp-content/uploads/2022/11/Onix_white_logo.png,71
https://onixdatacentres.com/o-home/razak-awudulai1/,/o-home/razak-awudulai1/,200,Razak Awudulai – Onix Data Centre,,https://onixdatacentres.com/o-home/razak-awudulai1/,,page,https://onixdatacentres.com/wp-content/uploads/2021/10/ONIX-logo-png-1024x670.png|https://onixdatacentres.com/wp-content/uploads/elementor/thumbs/Razak-Awudulai-image-1-qr3xlv219cncl36bj3h3zrw4xj1c6hoiy12xu2qc40.jpg|https://onixdatacentres.com/wp-content/uploads/2022/11/Onix_white_logo.png,71
https://onixdatacentres.com/o-home/samuel-osew-kwatia/,/o-home/samuel-osew-kwatia/,200,Samuel Osew-Kwatia – Onix Data Centre,,https://onixdatacentres.com/o-home/samuel-osew-kwatia/,,page,https://onixdatacentres.com/wp-content/uploads/2021/10/ONIX-logo-png-1024x670.png|https://onixdatacentres.com/wp-content/uploads/elementor/thumbs/Samuel-Osew-r3j4tjf59ykxm2z8054kwvpp4k0gq92anhp51m11w0.jpeg|https://onixdatacentres.com/wp-content/uploads/2022/11/Onix_white_logo.png,71
https://onixdatacentres.com/o-home/samuelpolley/,/o-home/samuelpolley/,200,Samuel Polley – Onix Data Centre,,https://onixdatacentres.com/o-home/samuelpolley/,,page,https://onixdatacentres.com/wp-content/uploads/2021/10/ONIX-logo-png-1024x670.png|https://onixdatacentres.com/wp-content/uploads/elementor/thumbs/Samuel-Polley-image-1-r73mt5927l9sewpv12okn785tb7fdxvl67o1cy0x5c.png|https://onixdatacentres.com/wp-content/uploads/2022/11/Onix_white_logo.png,71
https://onixdatacentres.com/o-home/senegal/,/o-home/senegal/,200,Senegal 🇸🇳 – Onix Data Centre,,https://onixdatacentres.com/o-home/senegal/,1er neutral CLS datacenter en Afrique,page,https://onixdatacentres.com/wp-content/uploads/2022/12/ONIX-logo-png-1024x670.png|https://onixdatacentres.com/wp-content/uploads/2023/01/ONIX-DATA-CENTER-KEELSON-STUDIOS-51-1024x683.jpg|https://onixdatacentres.com/wp-content/uploads/2023/01/ONIX-DATA-CENTER-KEELSON-STUDIOS-40-1024x683.jpg,64
https://onixdatacentres.com/o-home/senegal/about-us/,/o-home/senegal/about-us/,200,About us – Onix Data Centre,,https://onixdatacentres.com/o-home/senegal/about-us/,,page,https://onixdatacentres.com/wp-content/uploads/2021/10/ONIX-logo-png-1024x670.png|https://onixdatacentres.com/wp-content/uploads/2021/11/Screenshot-2021-11-15-at-13.55.02.png|https://onixdatacentres.com/wp-content/uploads/2021/11/Screenshot-2021-11-15-at-13.56.00.png,75
https://onixdatacentres.com/o-home/senegal/baraawafall/,/o-home/senegal/baraawafall/,200,Bara Awa Fall – Onix Data Centre,,https://onixdatacentres.com/o-home/senegal/baraawafall/,,page,https://onixdatacentres.com/wp-content/uploads/2021/10/ONIX-logo-png-1024x670.png|https://onixdatacentres.com/wp-content/uploads/2023/10/Bara-Awa-Fall.jpeg|https://onixdatacentres.com/wp-content/uploads/2022/11/Onix_white_logo.png,71
https://onixdatacentres.com/o-home/senegal/contact-us/,/o-home/senegal/contact-us/,200,Contact Us – Onix Data Centre,,https://onixdatacentres.com/o-home/senegal/contact-us/,Envoie-nous un message,page,https://onixdatacentres.com/wp-content/uploads/2021/10/ONIX-logo-png-1024x670.png|https://onixdatacentres.com/wp-content/uploads/2022/11/Onix_white_logo.png,70
https://onixdatacentres.com/o-home/senegal/infrastructure/,/o-home/senegal/infrastructure/,200,Infrastructure – Onix Data Centre,,https://onixdatacentres.com/o-home/senegal/infrastructure/,,page,https://onixdatacentres.com/wp-content/uploads/2021/10/ONIX-logo-png-1024x670.png|https://onixdatacentres.com/wp-content/uploads/2023/01/ONIX-DATA-CENTER-KEELSON-STUDIOS-3-scaled.jpg|https://onixdatacentres.com/wp-content/uploads/2023/01/ONIX-DATA-CENTER-KEELSON-STUDIOS-51-scaled.jpg,75
https://onixdatacentres.com/o-home/senegal/services/,/o-home/senegal/services/,200,Services – Onix Data Centre,,https://onixdatacentres.com/o-home/senegal/services/,,page,https://onixdatacentres.com/wp-content/uploads/2021/10/ONIX-logo-png-1024x670.png|https://onixdatacentres.com/wp-content/uploads/2022/11/Onix_white_logo.png,71
https://onixdatacentres.com/o-home/senegal/sustainability/,/o-home/senegal/sustainability/,200,Sustainability – Onix Data Centre,,https://onixdatacentres.com/o-home/senegal/sustainability/,,page,https://onixdatacentres.com/wp-content/uploads/2021/10/ONIX-logo-png-1024x670.png|https://onixdatacentres.com/wp-content/uploads/2022/11/Onix_white_logo.png,70
https://onixdatacentres.com/o-home/serwaakankam/,/o-home/serwaakankam/,200,Serwaa Kankam – Onix Data Centre,,https://onixdatacentres.com/o-home/serwaakankam/,,page,https://onixdatacentres.com/wp-content/uploads/2021/10/ONIX-logo-png-1024x670.png|https://onixdatacentres.com/wp-content/uploads/2023/05/Serwaah-Kankam.jpg|https://onixdatacentres.com/wp-content/uploads/2022/11/Onix_white_logo.png,71
https://onixdatacentres.com/o-home/stephenappiah/,/o-home/stephenappiah/,200,Stephen Appiah Fordjour – Onix Data Centre,,https://onixdatacentres.com/o-home/stephenappiah/,,page,https://onixdatacentres.com/wp-content/uploads/2021/10/ONIX-logo-png-1024x670.png|https://onixdatacentres.com/wp-content/uploads/2023/05/Stephen-Appiah-Fordjou.jpg|https://onixdatacentres.com/wp-content/uploads/2022/11/Onix_white_logo.png,71
https://onixdatacentres.com/o-home/yen-choi/,/o-home/yen-choi/,error,,,,,unknown,,0
https://onixdatacentres.com/partners/,/partners/,200,Partners – Onix Data Centre,,https://onixdatacentres.com/partners/,,page,https://onixdatacentres.com/wp-content/uploads/2021/10/ONIX-logo-png-1024x670.png|https://onixdatacentres.com/wp-content/uploads/2022/05/aim_new-300x150.jpg|https://onixdatacentres.com/wp-content/uploads/2022/05/ckr-new-300x150.jpg,68
https://onixdatacentres.com/pitch/,/pitch/,error,,,,,unknown,,0
https://onixdatacentres.com/staging-tab/,/staging-tab/,error,,,,,unknown,,0
https://onixdatacentres.com/tag/2021/,/tag/2021/,200,2021 – Onix Data Centre,,,2021,taxonomy,https://onixdatacentres.com/wp-content/uploads/2021/10/ONIX-logo-png-1024x670.png|https://onixdatacentres.com/wp-content/uploads/2021/01/rural-scene-fruit-africa-kenya-farmer-market-bright-and-colorful-vendors-selling_t20_e968xm-934x1024.jpg|https://onixdatacentres.com/wp-content/uploads/2022/11/Onix_white_logo.png,70
https://onixdatacentres.com/tag/africa/,/tag/africa/,200,Africa – Onix Data Centre,,,Africa,taxonomy,https://onixdatacentres.com/wp-content/uploads/2021/10/ONIX-logo-png-1024x670.png|https://onixdatacentres.com/wp-content/uploads/2024/02/ONIX-blog-image-20-feb.jpg|https://onixdatacentres.com/wp-content/uploads/2023/02/A7R9115-1024x683.jpg,84
https://onixdatacentres.com/tag/cls/,/tag/cls/,200,CLS – Onix Data Centre,,,CLS,taxonomy,https://onixdatacentres.com/wp-content/uploads/2021/10/ONIX-logo-png-1024x670.png|https://onixdatacentres.com/wp-content/uploads/2023/02/A7R9115-1024x683.jpg|https://onixdatacentres.com/wp-content/uploads/2023/02/WhatsApp-Image-2023-02-16-at-23.36.54-1024x637.jpeg,74
https://onixdatacentres.com/tag/corporations/,/tag/corporations/,200,Corporations – Onix Data Centre,,,Corporations,taxonomy,https://onixdatacentres.com/wp-content/uploads/2021/10/ONIX-logo-png-1024x670.png|https://onixdatacentres.com/wp-content/uploads/2020/12/connect-unconnected.jpg|https://onixdatacentres.com/wp-content/uploads/2020/12/broadband-blog.jpg,75
https://onixdatacentres.com/tag/dakar/,/tag/dakar/,200,Dakar – Onix Data Centre,,,Dakar,taxonomy,https://onixdatacentres.com/wp-content/uploads/2021/10/ONIX-logo-png-1024x670.png|https://onixdatacentres.com/wp-content/uploads/2023/02/A7R9115-1024x683.jpg|https://onixdatacentres.com/wp-content/uploads/2023/02/WhatsApp-Image-2023-02-16-at-23.36.54-1024x637.jpeg,74
https://onixdatacentres.com/tag/data-centre/,/tag/data-centre/,200,Data Centre – Onix Data Centre,,,Data Centre,taxonomy,https://onixdatacentres.com/wp-content/uploads/2021/10/ONIX-logo-png-1024x670.png|https://onixdatacentres.com/wp-content/uploads/2024/02/ONIX-blog-image-20-feb.jpg|https://onixdatacentres.com/wp-content/uploads/2023/03/ONIX-DATA-CENTER-KEELSON-STUDIOS-2-1024x683.jpg,85
https://onixdatacentres.com/tag/growth/,/tag/growth/,200,Growth – Onix Data Centre,,,Growth,taxonomy,https://onixdatacentres.com/wp-content/uploads/2021/10/ONIX-logo-png-1024x670.png|https://onixdatacentres.com/wp-content/uploads/2021/01/rural-scene-fruit-africa-kenya-farmer-market-bright-and-colorful-vendors-selling_t20_e968xm-934x1024.jpg|https://onixdatacentres.com/wp-content/uploads/2022/11/Onix_white_logo.png,70
https://onixdatacentres.com/tag/solar/,/tag/solar/,200,solar – Onix Data Centre,,,solar,taxonomy,https://onixdatacentres.com/wp-content/uploads/2021/10/ONIX-logo-png-1024x670.png|https://onixdatacentres.com/wp-content/uploads/2024/02/ONIX-blog-image-20-feb.jpg|https://onixdatacentres.com/wp-content/uploads/2022/11/Onix_white_logo.png,70
https://onixdatacentres.com/tag/sustainable/,/tag/sustainable/,200,Sustainable – Onix Data Centre,,,Sustainable,taxonomy,https://onixdatacentres.com/wp-content/uploads/2021/10/ONIX-logo-png-1024x670.png|https://onixdatacentres.com/wp-content/uploads/2024/02/ONIX-blog-image-20-feb.jpg|https://onixdatacentres.com/wp-content/uploads/2022/11/Onix_white_logo.png,70
